stage,model,variant,trees,rows,background,tile,cold_median_seconds,warm_median_seconds,cold_cv_percent,peak_workspace_bytes,max_error
screen,fashion_mnist-small,original,20,128,100,64,0.00024827499873936176,0.00018997793085873127,0.8765912186752827,8038400,1.5959455978986625e-16
screen,fashion_mnist-small,control,20,128,100,64,0.00025177001953125,0.0001727510243654251,1.365331436760972,8040448,2.6020852139652106e-16
screen,fashion_mnist-small,lookup_global,20,128,100,64,0.00019306200556457043,0.00011356198228895664,1.1019163102764071,8040448,2.6020852139652106e-16
screen,fashion_mnist-small,lookup_shared,20,128,100,64,0.00019197002984583378,0.00011505396105349064,2.0001092678093957,8040448,3.2959746043559335e-16
screen,fashion_mnist-small,lookup_constant,20,128,100,64,0.0001932620070874691,0.00011325115337967873,0.7237530001194188,8040448,2.8102520310824275e-16
screen,fashion_mnist-small,incremental,20,128,100,64,0.00029676896519958973,0.00021949107758700848,1.5002525204513903,8040448,1.8041124150158794e-16
screen,fashion_mnist-small,cache_background,20,128,100,64,0.00028134603053331375,0.00016439799219369888,3.742536846243991,8045568,2.0816681711721685e-16
screen,fashion_mnist-small,cache_foreground,20,128,100,64,0.0002849909942597151,0.00016775308176875114,1.7936749949116912,8045568,2.185751579730777e-16
screen,fashion_mnist-small,cache_both,20,128,100,64,0.00028734514489769936,0.00015508406795561314,2.8216321132989504,8050688,2.185751579730777e-16
screen,fashion_mnist-small,threshold_bins,20,128,100,64,0.0639586029574275,0.00015758792869746685,0.44098990511301406,9510400,2.42861286636753e-16
screen,fashion_mnist-small,quadrature_leaf,20,128,100,64,0.00031349388882517815,0.00023199012503027916,4.848908487518725,8040448,1.5612511283791264e-16
screen,fashion_mnist-small,quadrature_subtree,20,128,100,64,0.0002938639372587204,0.00022131390869617462,1.984137614657638,8040448,9.43689570931383e-16
screen,fashion_mnist-small,local_reduce,20,128,100,64,0.00024926685728132725,0.00016825390048325062,0.9408191062611202,8040448,9.367506770274758e-16
screen,fashion_mnist-small,lookup_reduce,20,128,100,64,0.00018537091091275215,0.00010892399586737156,1.0119165666204168,8040448,8.951173136040325e-16
screen,fashion_mnist-small,lookup_cache_reduce,20,128,100,64,0.0002194708213210106,9.036692790687084e-05,1.5763406549053145,8050688,9.367506770274758e-16
screen,fashion_mnist-small,pattern_background,20,128,100,64,0.0011616048868745565,5.557411350309849e-05,9.74200810941125,8928256,1.0547118733938987e-15
screen,fashion_mnist-small,pattern_foreground,20,128,100,64,0.001391083002090454,5.619507282972336e-05,1.0724093502646515,9084928,1.033895191682177e-15
screen,fashion_mnist-small,pattern_sparse,20,128,100,64,0.0012683870736509562,5.564396269619465e-05,1.295040411232094,9104384,1.0477729794899915e-15
screen,fashion_mnist-small,pattern_dense,20,128,100,64,0.0008778369519859552,5.697598680853844e-05,0.8655333430675178,8281088,1.0477729794899915e-15
screen,fashion_mnist-small,pattern_adaptive,20,128,100,64,0.0015945709310472012,5.657598376274109e-05,1.1451341083771187,8566272,1.0477729794899915e-15
screen,fashion_mnist-large,original,20,128,100,64,0.009339486947283149,0.009336821967735887,1.33980732240719,8038400,4.3194614551822497e-16
screen,fashion_mnist-large,control,20,128,100,64,0.01106602605432272,0.01098536397330463,0.5539786925195465,8040960,6.349087922075114e-16
screen,fashion_mnist-large,lookup_global,20,128,100,64,0.00477108103223145,0.004693895112723112,0.5103597229357933,8040960,9.54097911787244e-16
screen,fashion_mnist-large,lookup_shared,20,128,100,64,0.004852274898439646,0.0048092089127749205,0.3609673178127029,8040960,9.697104230710352e-16
screen,fashion_mnist-large,lookup_constant,20,128,100,64,0.004767246078699827,0.004665512125939131,0.3778158117077837,8040960,9.037909309839165e-16
screen,fashion_mnist-large,incremental,20,128,100,64,0.010348852025344968,0.010309632867574692,0.5443738745292103,8040960,5.104423828061755e-16
screen,fashion_mnist-large,cache_background,20,128,100,64,0.010605761082842946,0.010583766968920827,0.4800411642743265,8396800,2.0036056147532122e-16
screen,fashion_mnist-large,cache_foreground,20,128,100,64,0.010690478142350912,0.010513460962101817,1.5905703386851116,8396800,2.0122792321330962e-16
screen,fashion_mnist-large,cache_both,20,128,100,64,0.010264083975926042,0.010159354889765382,0.5272780746151751,8752640,3.86843335142828e-16
screen,fashion_mnist-large,threshold_bins,20,128,100,64,0.08779496094211936,0.01043087593279779,1.297506442225021,9947136,4.0072112295064244e-16
screen,fashion_mnist-large,quadrature_leaf,20,128,100,64,0.03494234592653811,0.03493215888738632,0.1020877196503235,8040960,4.735795089416683e-16
screen,fashion_mnist-large,quadrature_subtree,20,128,100,64,0.007513235788792372,0.007450941950082779,0.7401345640081515,8040960,8.951173136040325e-16
screen,fashion_mnist-large,local_reduce,20,128,100,64,0.009862737962976098,0.009749687043949962,0.23413094398448642,8040960,8.777700788442644e-16
screen,fashion_mnist-large,lookup_reduce,20,128,100,64,0.004011363023892045,0.003931191982701421,0.437821952273059,8040960,8.743006318923108e-16
screen,fashion_mnist-large,lookup_cache_reduce,20,128,100,64,0.003400420071557164,0.0032726870849728584,1.3337342388172129,8752640,8.673617379884035e-16
screen,fashion_mnist-large,pattern_background,20,128,100,64,0.049768163822591305,0.0015927280765026808,0.1916690700706577,215748096,8.743006318923108e-16
screen,fashion_mnist-large,pattern_foreground,20,128,100,64,0.07280419301241636,0.0017331899143755436,0.06031216076286277,227134464,8.534839501805891e-16
screen,fashion_mnist-large,pattern_sparse,20,128,100,64,0.05815351917408407,0.001725977985188365,0.3494993379153433,227147264,8.743006318923108e-16
screen,fashion_mnist-large,pattern_dense,20,128,100,64,0.3511920941527933,,0.03704641777387964,286497280,8.638922910364499e-16
screen,fashion_mnist-large,pattern_adaptive,20,128,100,64,0.08240348286926746,0.00172314397059381,0.07178865727301097,222803456,8.743006318923108e-16
screen,cal_housing-large,original,2,128,100,64,0.0004978219512850046,0.0004892200231552124,0.3512157331624735,9216,1.1102230246251565e-16
screen,cal_housing-large,control,2,128,100,64,0.0005372120067477226,0.0005256249569356441,0.24652601448559075,11776,1.1102230246251565e-16
screen,cal_housing-large,lookup_global,2,128,100,64,0.00036118505522608757,0.0003462531603872776,0.9627904803672025,11776,1.1102230246251565e-16
screen,cal_housing-large,lookup_shared,2,128,100,64,0.0003722328692674637,0.00035833194851875305,0.424756881665245,11776,1.1102230246251565e-16
screen,cal_housing-large,lookup_constant,2,128,100,64,0.0003591428976505995,0.0003462838940322399,0.21516479395655766,11776,1.1102230246251565e-16
screen,cal_housing-large,incremental,2,128,100,64,0.0006102030165493488,0.0005982848815619946,0.3377009097201061,11776,1.6653345369377348e-16
screen,cal_housing-large,cache_background,2,128,100,64,0.0005549988709390163,0.000526434974744916,0.36543877012916653,111104,1.1102230246251565e-16
screen,cal_housing-large,cache_foreground,2,128,100,64,0.0005413778126239777,0.0005112329963594675,0.18396842719571804,111104,1.1102230246251565e-16
screen,cal_housing-large,cache_both,2,128,100,64,0.0005267660599201918,0.0004895499441772699,0.47775126134175666,210432,1.1102230246251565e-16
screen,cal_housing-large,threshold_bins,2,128,100,64,0.0013825700152665377,0.0005042119883000851,2.7094755203791503,64000,1.1102230246251565e-16
screen,cal_housing-large,quadrature_leaf,2,128,100,64,0.0019143030513077974,0.0019041479099541903,0.22256381668227868,11776,1.457167719820518e-16
screen,cal_housing-large,quadrature_subtree,2,128,100,64,0.000574217876419425,0.0005640629678964615,0.6588129730831939,11776,3.122502256758253e-16
screen,cal_housing-large,local_reduce,2,128,100,64,0.0005083079449832439,0.0004943870007991791,0.6812275052761998,11776,3.2612801348363973e-16
screen,cal_housing-large,lookup_reduce,2,128,100,64,0.0003428088966757059,0.00032889703288674355,0.3212782845410969,11776,3.2612801348363973e-16
screen,cal_housing-large,lookup_cache_reduce,2,128,100,64,0.00033561699092388153,0.0002987920306622982,1.4502692134577173,210432,3.2612801348363973e-16
screen,cal_housing-large,pattern_background,2,128,100,64,0.00980294682085514,0.00024275691248476505,0.19318485379742648,57827840,3.3306690738754696e-16
screen,cal_housing-large,pattern_foreground,2,128,100,64,0.013825787929818034,0.0002562468871474266,0.1738501938336512,60977152,3.677613769070831e-16
screen,cal_housing-large,pattern_sparse,2,128,100,64,0.01128708990290761,0.00025456398725509644,3.8725185150726253,61021184,3.3306690738754696e-16
screen,cal_housing-large,pattern_dense,2,128,100,64,0.008127836044877768,0.0002533330116420984,0.4160961163555502,20155904,3.2612801348363973e-16
screen,cal_housing-large,pattern_adaptive,2,128,100,64,0.016460409853607416,0.0002584909088909626,0.17122886525280798,24121344,3.3306690738754696e-16
screen,adult-large,original,2,128,100,64,0.0008848870638757944,0.0008953530341386795,0.6096931635713976,15360,4.5102810375396984e-17
screen,adult-large,control,2,128,100,64,0.0009646778926253319,0.0009415929671376944,1.0155892478150952,17920,4.5102810375396984e-17
screen,adult-large,lookup_global,2,128,100,64,0.0006351100746542215,0.0006064570043236017,1.6259083401999945,17920,5.204170427930421e-17
screen,adult-large,lookup_shared,2,128,100,64,0.0006488710641860962,0.0006450850050896406,0.6772093748306908,17920,4.85722573273506e-17
screen,adult-large,lookup_constant,2,128,100,64,0.0006306339055299759,0.0006028308998793364,0.9649843111112633,17920,4.85722573273506e-17
screen,adult-large,incremental,2,128,100,64,0.0010007128585129976,0.000979830976575613,0.4964047252432121,17920,5.724587470723463e-17
screen,adult-large,cache_background,2,128,100,64,0.0009065910708159208,0.0008834260515868664,0.3581884120482471,78848,3.469446951953614e-17
screen,adult-large,cache_foreground,2,128,100,64,0.0009140211623162031,0.0008673709817230701,0.85766961563596,78848,4.163336342344337e-17
screen,adult-large,cache_both,2,128,100,64,0.0008199089206755161,0.0008000489324331284,0.5028237350732787,139776,6.245004513516506e-17
screen,adult-large,threshold_bins,2,128,100,64,0.0022844630293548107,0.0009523290209472179,1.0879706296096139,65536,4.85722573273506e-17
screen,adult-large,quadrature_leaf,2,128,100,64,0.002877709921449423,0.0028772391378879547,0.2745261772231912,17920,5.898059818321144e-17
screen,adult-large,quadrature_subtree,2,128,100,64,0.0006412090733647346,0.0006323959678411484,0.1915086467695456,17920,4.0245584642661925e-16
screen,adult-large,local_reduce,2,128,100,64,0.0008868009317666292,0.0008730599656701088,1.0848411572495724,17920,3.677613769070831e-16
screen,adult-large,lookup_reduce,2,128,100,64,0.0005892100743949413,0.0005750488489866257,1.9682296106060118,17920,3.677613769070831e-16
screen,adult-large,lookup_cache_reduce,2,128,100,64,0.0004533547908067703,0.00041781109757721424,0.6318799585764898,139776,3.7470027081099033e-16
screen,adult-large,pattern_background,2,128,100,64,0.0073201339691877365,0.0001798621378839016,0.3097977495640247,35381760,3.677613769070831e-16
screen,adult-large,pattern_foreground,2,128,100,64,0.011444418923929334,0.00022982805967330933,0.3734586429555696,37319168,3.677613769070831e-16
screen,adult-large,pattern_sparse,2,128,100,64,0.008958169957622886,0.00022390903905034065,1.513618219991981,37321728,3.677613769070831e-16
screen,adult-large,pattern_dense,2,128,100,64,0.006651602918282151,0.0001865618396550417,0.29223996695767634,94007808,3.8163916471489756e-16
screen,adult-large,pattern_adaptive,2,128,100,64,0.013717924943193793,0.00022959685884416103,0.18608220775166512,36644864,3.7470027081099033e-16
full_screen,fashion_mnist-small,original,100,128,100,64,0.0007366840727627277,0.0006774039939045906,0.45621387724695744,8038400,1.8041124150158794e-15
full_screen,fashion_mnist-small,control,100,128,100,64,0.0007052558939903975,0.0006266369018703699,0.6084991727099804,8040448,3.164135620181696e-15
full_screen,fashion_mnist-small,lookup_global,100,128,100,64,0.00043757096864283085,0.0003525030333548784,0.27171590842921856,8040448,1.8041124150158794e-15
full_screen,fashion_mnist-small,lookup_shared,100,128,100,64,0.0004328349605202675,0.00035442598164081573,0.22205592949045097,8040448,1.2490009027033011e-15
full_screen,fashion_mnist-small,lookup_constant,100,128,100,64,0.0004333159886300564,0.00035444600507616997,1.5885663069232936,8040448,1.7763568394002505e-15
full_screen,fashion_mnist-small,incremental,100,128,100,64,0.0009140719193965197,0.0008381679654121399,0.2931450528009533,8040448,2.1094237467877974e-15
full_screen,fashion_mnist-small,cache_background,100,128,100,64,0.0007038242183625698,0.0005811480805277824,0.4053689362896736,8064512,1.3877787807814457e-15
full_screen,fashion_mnist-small,cache_foreground,100,128,100,64,0.0007047350518405437,0.0005901919212192297,0.4179361213899166,8064512,2.7200464103316335e-15
full_screen,fashion_mnist-small,cache_both,100,128,100,64,0.0006745699793100357,0.0005415380001068115,0.7276896209336041,8088576,2.6645352591003757e-15
full_screen,fashion_mnist-small,threshold_bins,100,128,100,64,0.06590815703384578,0.0005447729490697384,0.2752793650489073,9544704,1.5543122344752192e-15
full_screen,fashion_mnist-small,quadrature_leaf,100,128,100,64,0.0009739631786942482,0.0008954731747508049,0.5989822079254257,8040448,1.6930901125533637e-15
full_screen,fashion_mnist-small,quadrature_subtree,100,128,100,64,0.0009252589661628008,0.0008440460078418255,0.22043515056410395,8040448,5.134781488891349e-15
full_screen,fashion_mnist-small,local_reduce,100,128,100,64,0.0006770540494471788,0.0006037920247763395,0.22320256807802552,8040448,5.079270337660091e-15
full_screen,fashion_mnist-small,lookup_reduce,100,128,100,64,0.0004131749738007784,0.000327585032209754,0.8448921533526681,8040448,5.10702591327572e-15
full_screen,fashion_mnist-small,lookup_cache_reduce,100,128,100,64,0.00037586805410683155,0.0002452707849442959,0.3483266952264642,8088576,5.134781488891349e-15
full_screen,fashion_mnist-large,original,10000,128,100,64,1.2432168270461261,1.2447365049738437,0.3013534239032551,8038400,2.708944180085382e-14
full_screen,fashion_mnist-large,control,10000,128,100,64,1.40887728985399,1.4065970089286566,0.2693900619559347,8040960,3.197442310920451e-14
full_screen,fashion_mnist-large,lookup_global,10000,128,100,64,0.5617509270086884,0.5612390940077603,0.22270617878751678,8040960,2.4868995751603507e-14
full_screen,fashion_mnist-large,lookup_shared,10000,128,100,64,0.5625704999547452,0.5617942719254643,0.17362783300666176,8040960,2.842170943040401e-14
full_screen,fashion_mnist-large,lookup_constant,10000,128,100,64,0.5659364070743322,0.5649500167928636,0.28395678227789634,8040960,2.7533531010703882e-14
full_screen,fashion_mnist-large,incremental,10000,128,100,64,1.499637905973941,1.499870115891099,0.17331204738823316,8040960,3.375077994860476e-14
full_screen,fashion_mnist-large,cache_background,10000,128,100,64,1.3660999741405249,1.3660226608626544,0.08632404289950392,102490624,2.7533531010703882e-14
full_screen,fashion_mnist-large,cache_foreground,10000,128,100,64,1.3673708410933614,1.3640854621771723,0.14460913738689432,102490624,2.531308496145357e-14
full_screen,fashion_mnist-large,cache_both,10000,128,100,64,1.3273800539318472,1.3223088271915913,0.18529800454087694,196940288,3.241851231905457e-14
full_screen,fashion_mnist-large,threshold_bins,10000,128,100,64,1.3979664819780737,1.3203556479420513,0.07501302234526365,34471424,3.3306690738754696e-14
full_screen,fashion_mnist-large,quadrature_leaf,10000,128,100,64,4.482529436005279,4.486108857905492,0.07536965207502175,8040960,3.730349362740526e-14
full_screen,fashion_mnist-large,quadrature_subtree,10000,128,100,64,2.1600557409692556,2.1611565151251853,0.08054409479216555,8040960,3.821387650759789e-13
full_screen,fashion_mnist-large,local_reduce,10000,128,100,64,1.2257337749470025,1.225879656150937,0.1934024766787864,8040960,3.9968028886505635e-13
full_screen,fashion_mnist-large,lookup_reduce,10000,128,100,64,0.4740512378048152,0.47535477904602885,0.5953347225041995,8040960,3.9890313274781874e-13
full_screen,fashion_mnist-large,lookup_cache_reduce,10000,128,100,64,0.4599088248796761,0.456546711968258,0.617243493042912,196940288,3.9901415505028126e-13
full_screen,cal_housing-large,original,1000,128,100,64,0.12071374687366188,0.12072042212821543,0.04253056951597505,9216,1.2434497875801753e-14
full_screen,cal_housing-large,control,1000,128,100,64,0.13753447216004133,0.1375752598978579,0.09378720191594873,11776,2.842170943040401e-14
full_screen,cal_housing-large,lookup_global,1000,128,100,64,0.06390450894832611,0.06390921794809401,0.06397188811441931,11776,2.1538326677728037e-14
full_screen,cal_housing-large,lookup_shared,1000,128,100,64,0.06400531390681863,0.06402988103218377,0.05380461147140258,11776,2.7533531010703882e-14
full_screen,cal_housing-large,lookup_constant,1000,128,100,64,0.06579992803744972,0.06582582998089492,1.2101130903943689,11776,2.5091040356528538e-14
full_screen,cal_housing-large,incremental,1000,128,100,64,0.16656735492870212,0.1664843549951911,0.09521141025048407,11776,3.708144902248023e-14
full_screen,cal_housing-large,cache_background,1000,128,100,64,0.13161102402955294,0.12966471980325878,0.047314745386166805,108225536,1.6542323066914832e-14
full_screen,cal_housing-large,cache_foreground,1000,128,100,64,0.13160009402781725,0.12954354588873684,0.0229421089751482,108225536,1.787459069646502e-14
full_screen,cal_housing-large,cache_both,1000,128,100,64,0.1256124679930508,0.12165915500372648,0.014775290798298233,216439296,1.9095836023552692e-14
full_screen,cal_housing-large,threshold_bins,1000,128,100,64,0.12246096483431756,0.12142170406877995,0.029546895337915415,27097600,1.554312234475219e-14
full_screen,cal_housing-large,quadrature_leaf,1000,128,100,64,0.5823149639181793,0.5818155840970576,0.07084452820093448,11776,4.3520742565306136e-14
full_screen,cal_housing-large,quadrature_subtree,1000,128,100,64,0.29054206795990467,0.2904549471568316,0.04273084932998815,11776,3.381739333008227e-13
full_screen,cal_housing-large,local_reduce,1000,128,100,64,0.12657215702347457,0.12661043391562998,0.058278569399473644,11776,3.1730174043786974e-13
full_screen,cal_housing-large,lookup_reduce,1000,128,100,64,0.05425474513322115,0.054314132779836655,0.07961388175300604,11776,3.1885605267234496e-13
full_screen,cal_housing-large,lookup_cache_reduce,1000,128,100,64,0.05040790396742523,0.046399038983508945,1.1626008041687959,216439296,3.197442310920451e-13
full_screen,adult-large,original,1000,128,100,64,0.07291273889131844,0.07294583902694285,0.005316410267741641,15360,4.884981308350689e-14
full_screen,adult-large,control,1000,128,100,64,0.07819691998884082,0.07821509009227157,0.06012980599854154,17920,8.79296635503124e-14
full_screen,adult-large,lookup_global,1000,128,100,64,0.03830423881299794,0.03828652203083038,0.03559852788788086,17920,4.4853010194856324e-14
full_screen,adult-large,lookup_shared,1000,128,100,64,0.03832668508403003,0.03831979399546981,0.013528634950908832,17920,4.884981308350689e-14
full_screen,adult-large,lookup_constant,1000,128,100,64,0.038423893973231316,0.038407519925385714,0.05158798469136137,17920,5.950795411990839e-14
full_screen,adult-large,incremental,1000,128,100,64,0.09219810599461198,0.09222674905322492,0.06971430398304472,17920,1.1102230246251565e-13
full_screen,adult-large,cache_background,1000,128,100,64,0.07274302304722369,0.07252651290036738,0.023279279138255234,14156800,5.417888360170764e-14
full_screen,adult-large,cache_foreground,1000,128,100,64,0.07272276212461293,0.0725176518317312,0.02523258907255066,14156800,7.194245199571014e-14
full_screen,adult-large,cache_both,1000,128,100,64,0.06724091712385416,0.06673743994906545,0.06553727337967809,28295680,5.240252676230739e-14
full_screen,adult-large,threshold_bins,1000,128,100,64,0.07334551983512938,0.07205188716761768,0.0528156932778573,3586560,4.440892098500626e-14
full_screen,adult-large,quadrature_leaf,1000,128,100,64,0.3139427329879254,0.3142410928849131,0.05193582700910384,17920,8.171241461241152e-14
full_screen,adult-large,quadrature_subtree,1000,128,100,64,0.15543374116532505,0.1556026570033282,0.0469068628534694,17920,5.906386491005833e-13
full_screen,adult-large,local_reduce,1000,128,100,64,0.07184412400238216,0.07179311593063176,0.0601594222353121,17920,7.878142582740111e-13
full_screen,adult-large,lookup_reduce,1000,128,100,64,0.03275793301872909,0.03275379701517522,0.013912843155030443,17920,7.887024366937112e-13
full_screen,adult-large,lookup_cache_reduce,1000,128,100,64,0.02222473919391632,0.021799852140247822,0.2274929928507614,28295680,7.86926079854311e-13
pattern_confirmation,fashion_mnist-small,original,100,10000,100,64,0.052990489872172475,0.052993495017290115,0.10614328508459825,628000256,1.1657341758564144e-15
pattern_confirmation,fashion_mnist-small,pattern_dense,100,10000,100,64,0.005185696994885802,0.003039709059521556,0.44645739014130376,692275712,8.659739592076221e-15
scaling-n1-b1,fashion_mnist-small,original,20,1,1,64,4.5560067519545555e-05,3.272015601396561e-05,11.76908983937323,62976,0.0
scaling-n1-b1,fashion_mnist-small,control,20,1,1,64,5.084788426756859e-05,3.066612407565117e-05,8.11411951092936,65024,0.0
scaling-n1-b1,fashion_mnist-small,lookup_global,20,1,1,64,4.1252002120018005e-05,2.792198210954666e-05,2.401949375938978,65024,0.0
scaling-n1-b1,fashion_mnist-small,lookup_shared,20,1,1,64,4.3486012145876884e-05,2.9584858566522598e-05,3.965756862482046,65024,0.0
scaling-n1-b1,fashion_mnist-small,lookup_constant,20,1,1,64,4.574982449412346e-05,2.8281938284635544e-05,2.7833691702389447,65024,0.0
scaling-n1-b1,fashion_mnist-small,incremental,20,1,1,64,4.7732144594192505e-05,3.3812131732702255e-05,13.244562536938913,65024,0.0
scaling-n1-b1,fashion_mnist-small,cache_background,20,1,1,64,6.0933176428079605e-05,2.880278043448925e-05,2.51330047588398,66560,0.0
scaling-n1-b1,fashion_mnist-small,cache_foreground,20,1,1,64,5.950010381639004e-05,2.81620305031538e-05,2.2956598384160114,66560,0.0
scaling-n1-b1,fashion_mnist-small,cache_both,20,1,1,64,6.774207577109337e-05,2.7321046218276024e-05,3.564309897802436,68096,0.0
scaling-n1-b1,fashion_mnist-small,threshold_bins,20,1,1,64,0.06613354897126555,3.052596002817154e-05,0.3577050094101099,117248,0.0
scaling-n1-b1,fashion_mnist-small,quadrature_leaf,20,1,1,64,4.862295463681221e-05,3.484310582280159e-05,1.54828956917956,65024,8.673617379884035e-19
scaling-n1-b1,fashion_mnist-small,quadrature_subtree,20,1,1,64,5.0366856157779694e-05,2.9494985938072205e-05,9.240221300516719,65024,3.469446951953614e-18
scaling-n1-b1,fashion_mnist-small,local_reduce,20,1,1,64,4.621013067662716e-05,3.113690763711929e-05,4.460991308295945,65024,0.0
scaling-n1-b1,fashion_mnist-small,lookup_reduce,20,1,1,64,4.217401146888733e-05,2.85229180008173e-05,8.992495493866299,65024,0.0
scaling-n1-b1,fashion_mnist-small,lookup_cache_reduce,20,1,1,64,6.714207120239735e-05,2.3937085643410683e-05,7.0285766229059305,68096,0.0
scaling-n1-b1,fashion_mnist-small,pattern_background,20,1,1,64,0.0007893680594861507,3.573414869606495e-05,4.887631480753797,94208,0.0
scaling-n1-b1,fashion_mnist-small,pattern_foreground,20,1,1,64,0.0008238099981099367,3.289012238383293e-05,4.447946872467055,96256,0.0
scaling-n1-b1,fashion_mnist-small,pattern_sparse,20,1,1,64,0.0007485558744519949,3.327103331685066e-05,7.18334852905288,96768,0.0
scaling-n1-b1,fashion_mnist-small,pattern_dense,20,1,1,64,0.000680993078276515,3.592390567064285e-05,1.065642745643084,124928,8.673617379884035e-19
scaling-n1-b1,fashion_mnist-small,pattern_adaptive,20,1,1,64,4.919501952826977e-05,3.38209792971611e-05,4.0399725414296155,65024,0.0
scaling-n1-b1,fashion_mnist-large,original,20,1,1,64,0.00021459604613482952,0.0002050008624792099,0.5224758333301935,62976,0.0
scaling-n1-b1,fashion_mnist-large,control,20,1,1,64,0.00022832700051367283,0.0002141050063073635,0.3897414585682621,65536,1.734723475976807e-18
scaling-n1-b1,fashion_mnist-large,lookup_global,20,1,1,64,0.0001652210485190153,0.0001507890410721302,2.918356065534806,65536,1.734723475976807e-18
scaling-n1-b1,fashion_mnist-large,lookup_shared,20,1,1,64,0.0001658610999584198,0.00015218090265989304,0.8287769773690882,65536,1.734723475976807e-18
scaling-n1-b1,fashion_mnist-large,lookup_constant,20,1,1,64,0.00016591092571616173,0.00014930590987205505,0.9872493429269563,65536,1.734723475976807e-18
scaling-n1-b1,fashion_mnist-large,incremental,20,1,1,64,0.00023746001534163952,0.0002201939933001995,1.4385828656568804,65536,1.734723475976807e-18
scaling-n1-b1,fashion_mnist-large,cache_background,20,1,1,64,0.00023944396525621414,0.00021119997836649418,0.5539188298206215,154624,1.734723475976807e-18
scaling-n1-b1,fashion_mnist-large,cache_foreground,20,1,1,64,0.00023201201111078262,0.00020274799317121506,1.9411778951408263,154624,1.734723475976807e-18
scaling-n1-b1,fashion_mnist-large,cache_both,20,1,1,64,0.00022801593877375126,0.00019018794409930706,0.3397022471856511,243712,1.734723475976807e-18
scaling-n1-b1,fashion_mnist-large,threshold_bins,20,1,1,64,0.07930141291581094,0.00021434505470097065,0.4899481951807365,553984,1.734723475976807e-18
scaling-n1-b1,fashion_mnist-large,quadrature_leaf,20,1,1,64,0.0006196899339556694,0.0006076018325984478,0.23298953577719647,65536,1.3877787807814457e-17
scaling-n1-b1,fashion_mnist-large,quadrature_subtree,20,1,1,64,0.00012276601046323776,0.00010771304368972778,0.35007581814583205,65536,1.214306433183765e-17
scaling-n1-b1,fashion_mnist-large,local_reduce,20,1,1,64,0.00021429499611258507,0.00020018289797008038,0.32720865076300043,65536,3.469446951953614e-18
scaling-n1-b1,fashion_mnist-large,lookup_reduce,20,1,1,64,0.00016420893371105194,0.00014098407700657845,4.275807317464179,65536,3.469446951953614e-18
scaling-n1-b1,fashion_mnist-large,lookup_cache_reduce,20,1,1,64,0.00015769898891448975,0.00011592591181397438,1.9364304728031587,243712,3.469446951953614e-18
scaling-n1-b1,fashion_mnist-large,pattern_background,20,1,1,64,0.029004965908825397,0.0008504099678248167,2.0570850657905146,4319744,2.168404344971009e-18
scaling-n1-b1,fashion_mnist-large,pattern_foreground,20,1,1,64,0.031111591029912233,0.0009106819052249193,0.3918759877020612,4417024,2.168404344971009e-18
scaling-n1-b1,fashion_mnist-large,pattern_sparse,20,1,1,64,0.030236595077440143,0.0009046220220625401,0.06288214182692989,4417536,2.168404344971009e-18
scaling-n1-b1,fashion_mnist-large,pattern_dense,20,1,1,64,0.3514634862076491,,0.034387943037160036,273303040,3.469446951953614e-18
scaling-n1-b1,fashion_mnist-large,pattern_adaptive,20,1,1,64,0.00023314403370022774,0.00021704891696572304,0.3951381408520956,65536,1.734723475976807e-18
scaling-n1-b1,cal_housing-large,original,2,1,1,64,9.705801494419575e-05,8.701183833181858e-05,5.890194922049121,512,0.0
scaling-n1-b1,cal_housing-large,control,2,1,1,64,0.00010134396143257618,8.975598029792309e-05,1.115762096064175,3072,3.469446951953614e-18
scaling-n1-b1,cal_housing-large,lookup_global,2,1,1,64,8.3517050370574e-05,7.07071740180254e-05,1.0616619199958293,3072,3.469446951953614e-18
scaling-n1-b1,cal_housing-large,lookup_shared,2,1,1,64,8.32460355013609e-05,7.083709351718426e-05,1.6208378470975144,3072,3.469446951953614e-18
scaling-n1-b1,cal_housing-large,lookup_constant,2,1,1,64,8.199410513043404e-05,7.076701149344444e-05,0.9725893515879764,3072,3.469446951953614e-18
scaling-n1-b1,cal_housing-large,incremental,2,1,1,64,0.00010421802289783955,9.424309246242046e-05,1.6859381557929016,3072,3.469446951953614e-18
scaling-n1-b1,cal_housing-large,cache_background,2,1,1,64,0.00011635618284344673,8.834386244416237e-05,5.426391886888642,28160,3.469446951953614e-18
scaling-n1-b1,cal_housing-large,cache_foreground,2,1,1,64,0.00011276104487478733,8.49191565066576e-05,2.15231249193576,28160,3.469446951953614e-18
scaling-n1-b1,cal_housing-large,cache_both,2,1,1,64,0.00011683697812259197,7.659592665731907e-05,1.715361932125065,53248,3.469446951953614e-18
scaling-n1-b1,cal_housing-large,threshold_bins,2,1,1,64,0.0010105438996106386,8.669099770486355e-05,2.6789424155060395,40448,3.469446951953614e-18
scaling-n1-b1,cal_housing-large,quadrature_leaf,2,1,1,64,0.00023265299387276173,0.0002201239112764597,0.5225449972164403,3072,1.0408340855860843e-17
scaling-n1-b1,cal_housing-large,quadrature_subtree,2,1,1,64,8.532009087502956e-05,7.281987927854061e-05,10.381221078478895,3072,6.938893903907228e-18
scaling-n1-b1,cal_housing-large,local_reduce,2,1,1,64,9.888014756143093e-05,8.85950867086649e-05,1.08861833880149,3072,3.469446951953614e-18
scaling-n1-b1,cal_housing-large,lookup_reduce,2,1,1,64,8.007092401385307e-05,6.922520697116852e-05,2.8519019257054996,3072,3.469446951953614e-18
scaling-n1-b1,cal_housing-large,lookup_cache_reduce,2,1,1,64,9.043817408382893e-05,5.5134063586592674e-05,7.400116353683315,53248,3.469446951953614e-18
scaling-n1-b1,cal_housing-large,pattern_background,2,1,1,64,0.008063773857429624,0.00024682399816811085,4.853318072277894,1185792,6.938893903907228e-18
scaling-n1-b1,cal_housing-large,pattern_foreground,2,1,1,64,0.009695840068161488,0.000259994063526392,6.94874380612272,1212416,6.938893903907228e-18
scaling-n1-b1,cal_housing-large,pattern_sparse,2,1,1,64,0.009089831029996276,0.00023795105516910553,4.65294311091356,1212928,6.938893903907228e-18
scaling-n1-b1,cal_housing-large,pattern_dense,2,1,1,64,0.008086869027465582,0.00025966414250433445,4.670177264165238,16965120,1.0408340855860843e-17
scaling-n1-b1,cal_housing-large,pattern_adaptive,2,1,1,64,0.0001062911469489336,9.21487808227539e-05,0.563759029688009,3072,3.469446951953614e-18
scaling-n1-b1,adult-large,original,2,1,1,64,0.00018008402548730373,0.0001682550646364689,1.0611180272020362,512,0.0
scaling-n1-b1,adult-large,control,2,1,1,64,0.0001843390055000782,0.00017325300723314285,0.1534888244786293,3072,5.204170427930421e-18
scaling-n1-b1,adult-large,lookup_global,2,1,1,64,0.00015317206270992756,0.00014190515503287315,3.326312245147669,3072,5.204170427930421e-18
scaling-n1-b1,adult-large,lookup_shared,2,1,1,64,0.00015556602738797665,0.00014157500118017197,0.6947064422573349,3072,5.204170427930421e-18
scaling-n1-b1,adult-large,lookup_constant,2,1,1,64,0.00015477510169148445,0.00014235591515898705,1.1164218069098295,3072,5.204170427930421e-18
scaling-n1-b1,adult-large,incremental,2,1,1,64,0.0001903290394693613,0.00017750984989106655,0.500211540311655,3072,5.204170427930421e-18
scaling-n1-b1,adult-large,cache_background,2,1,1,64,0.0001914000604301691,0.0001628368627279997,0.4452647706933804,18432,5.204170427930421e-18
scaling-n1-b1,adult-large,cache_foreground,2,1,1,64,0.00018045399338006973,0.0001542540267109871,0.7609117694987763,18432,5.204170427930421e-18
scaling-n1-b1,adult-large,cache_both,2,1,1,64,0.0001585809513926506,0.00012174504809081554,5.363092305134303,33792,5.204170427930421e-18
scaling-n1-b1,adult-large,threshold_bins,2,1,1,64,0.001551975030452013,0.00017412402667105198,1.3042661041605854,25088,5.204170427930421e-18
scaling-n1-b1,adult-large,quadrature_leaf,2,1,1,64,0.00038825906813144684,0.000376029871404171,0.2678523574828994,3072,1.3877787807814457e-17
scaling-n1-b1,adult-large,quadrature_subtree,2,1,1,64,0.0001691069919615984,0.00015823007561266422,1.2794546622253482,3072,1.3877787807814457e-17
scaling-n1-b1,adult-large,local_reduce,2,1,1,64,0.00018083397299051285,0.00016802502796053886,2.946953597632837,3072,1.734723475976807e-18
scaling-n1-b1,adult-large,lookup_reduce,2,1,1,64,0.00015215110033750534,0.00013899104669690132,0.6010029797250956,3072,1.734723475976807e-18
scaling-n1-b1,adult-large,lookup_cache_reduce,2,1,1,64,0.00012373714707791805,8.837413042783737e-05,8.942973032384051,33792,1.734723475976807e-18
scaling-n1-b1,adult-large,pattern_background,2,1,1,64,0.005840411176905036,0.0001739740837365389,0.4890099568321391,748544,1.0408340855860843e-17
scaling-n1-b1,adult-large,pattern_foreground,2,1,1,64,0.006316171959042549,0.0001807140652090311,4.883080522296887,767488,1.0408340855860843e-17
scaling-n1-b1,adult-large,pattern_sparse,2,1,1,64,0.006217844085767865,0.00017548608593642712,4.074450742866107,768000,1.0408340855860843e-17
scaling-n1-b1,adult-large,pattern_dense,2,1,1,64,0.0066251910757273436,0.00018358882516622543,0.18637190780937307,92071424,1.3877787807814457e-17
scaling-n1-b1,adult-large,pattern_adaptive,2,1,1,64,0.00018784496933221817,0.0001772788818925619,0.5583087452719818,3072,5.204170427930421e-18
scaling-n1-b10,fashion_mnist-small,original,20,1,10,64,6.172293797135353e-05,4.84539195895195e-05,0.7419263909432166,62976,8.673617379884035e-19
scaling-n1-b10,fashion_mnist-small,control,20,1,10,64,6.14530872553587e-05,4.583899863064289e-05,3.4232866719424435,65024,6.938893903907228e-18
scaling-n1-b10,fashion_mnist-small,lookup_global,20,1,10,64,5.1658134907484055e-05,3.7907855585217476e-05,2.7698014274275016,65024,6.938893903907228e-18
scaling-n1-b10,fashion_mnist-small,lookup_shared,20,1,10,64,5.1619019359350204e-05,3.7496909499168396e-05,1.3453481929903572,65024,1.734723475976807e-18
scaling-n1-b10,fashion_mnist-small,lookup_constant,20,1,10,64,5.17780426889658e-05,3.726687282323837e-05,6.189035738109424,65024,6.938893903907228e-18
scaling-n1-b10,fashion_mnist-small,incremental,20,1,10,64,6.459793075919151e-05,5.1127979531884193e-05,2.578135883444817,65024,6.938893903907228e-18
scaling-n1-b10,fashion_mnist-small,cache_background,20,1,10,64,7.423292845487595e-05,4.297494888305664e-05,1.799937566372038,66560,1.734723475976807e-18
scaling-n1-b10,fashion_mnist-small,cache_foreground,20,1,10,64,7.208017632365227e-05,4.272512160241604e-05,0.7114040870789042,66560,1.734723475976807e-18
scaling-n1-b10,fashion_mnist-small,cache_both,20,1,10,64,7.91097991168499e-05,4.065199755132198e-05,13.383749057084476,68096,1.734723475976807e-18
scaling-n1-b10,fashion_mnist-small,threshold_bins,20,1,10,64,0.06530931009911001,4.2655039578676224e-05,3.2643664348435717,173568,6.938893903907228e-18
scaling-n1-b10,fashion_mnist-small,quadrature_leaf,20,1,10,64,6.707198917865753e-05,5.234009586274624e-05,3.002894543776839,65024,1.734723475976807e-18
scaling-n1-b10,fashion_mnist-small,quadrature_subtree,20,1,10,64,5.4172007367014885e-05,4.1193095967173576e-05,1.8545630991096365,65024,3.469446951953614e-17
scaling-n1-b10,fashion_mnist-small,local_reduce,20,1,10,64,5.830894224345684e-05,4.401709884405136e-05,15.70831393603025,65024,3.469446951953614e-17
scaling-n1-b10,fashion_mnist-small,lookup_reduce,20,1,10,64,4.9906084313988686e-05,3.78880649805069e-05,2.2673977009426385,65024,3.469446951953614e-17
scaling-n1-b10,fashion_mnist-small,lookup_cache_reduce,20,1,10,64,7.026689127087593e-05,3.070710226893425e-05,4.240641871734107,68096,3.469446951953614e-17
scaling-n1-b10,fashion_mnist-small,pattern_background,20,1,10,64,0.0008292580023407936,3.379094414412975e-05,2.2902675508224903,110592,3.469446951953614e-17
scaling-n1-b10,fashion_mnist-small,pattern_foreground,20,1,10,64,0.000835576793178916,3.383099101483822e-05,14.170168681621911,98304,3.8163916471489756e-17
scaling-n1-b10,fashion_mnist-small,pattern_sparse,20,1,10,64,0.0008362990338355303,3.268918953835964e-05,2.385458481197688,112640,3.469446951953614e-17
scaling-n1-b10,fashion_mnist-small,pattern_dense,20,1,10,64,0.0006740819662809372,3.520306199789047e-05,1.8847628509769487,126464,3.469446951953614e-17
scaling-n1-b10,fashion_mnist-small,pattern_adaptive,20,1,10,64,6.49190042167902e-05,4.798290319740772e-05,0.8483394233608945,65024,1.734723475976807e-18
scaling-n1-b10,fashion_mnist-large,original,20,1,10,64,0.001444901805371046,0.001435016980394721,0.094940147191389,62976,8.673617379884035e-19
scaling-n1-b10,fashion_mnist-large,control,20,1,10,64,0.0015971630346029997,0.0015843540895730257,0.07969985025355833,65536,2.6020852139652106e-18
scaling-n1-b10,fashion_mnist-large,lookup_global,20,1,10,64,0.0009721750393509865,0.0009571819100528955,0.15242993044981681,65536,2.6020852139652106e-18
scaling-n1-b10,fashion_mnist-large,lookup_shared,20,1,10,64,0.0009909130167216063,0.0009713228791952133,0.0874938913446546,65536,9.540979117872439e-18
scaling-n1-b10,fashion_mnist-large,lookup_constant,20,1,10,64,0.0009656860493123531,0.0009527159854769707,0.09632970811307694,65536,2.6020852139652106e-18
scaling-n1-b10,fashion_mnist-large,incremental,20,1,10,64,0.0014851230662316084,0.0014723141212016344,0.14353851054900404,65536,2.6020852139652106e-18
scaling-n1-b10,fashion_mnist-large,cache_background,20,1,10,64,0.0015728659927845001,0.0015451039653271437,0.4783226556283873,154624,8.673617379884035e-18
scaling-n1-b10,fashion_mnist-large,cache_foreground,20,1,10,64,0.001547688152641058,0.001524172956123948,0.21239365392284176,154624,5.204170427930421e-18
scaling-n1-b10,fashion_mnist-large,cache_both,20,1,10,64,0.0014852529857307673,0.0014493989292532206,0.07039287318912979,243712,4.336808689942018e-18
scaling-n1-b10,fashion_mnist-large,threshold_bins,20,1,10,64,0.07932132412679493,0.0015543480403721333,0.5679233085473001,610304,7.806255641895632e-18
scaling-n1-b10,fashion_mnist-large,quadrature_leaf,20,1,10,64,0.004447557032108307,0.004431913141161203,0.057613236188806496,65536,1.3877787807814457e-17
scaling-n1-b10,fashion_mnist-large,quadrature_subtree,20,1,10,64,0.0004850460682064295,0.0004757319111377001,0.19131636790512702,65536,7.806255641895632e-18
scaling-n1-b10,fashion_mnist-large,local_reduce,20,1,10,64,0.0014441499952226877,0.0014256429858505726,0.06716133682749362,65536,1.3010426069826053e-17
scaling-n1-b10,fashion_mnist-large,lookup_reduce,20,1,10,64,0.000863590044900775,0.0008469950407743454,0.22581265010817803,65536,1.3010426069826053e-17
scaling-n1-b10,fashion_mnist-large,lookup_cache_reduce,20,1,10,64,0.000749967060983181,0.0007100370712578297,0.23272078988931297,243712,1.3010426069826053e-17
scaling-n1-b10,fashion_mnist-large,pattern_background,20,1,10,64,0.03297973098233342,0.0009990260004997253,0.2759237895122066,4322816,9.540979117872439e-18
scaling-n1-b10,fashion_mnist-large,pattern_foreground,20,1,10,64,0.03182702302001417,0.001055621774867177,0.1399088212530326,4418560,9.540979117872439e-18
scaling-n1-b10,fashion_mnist-large,pattern_sparse,20,1,10,64,0.03433416597545147,0.0010654260404407978,0.1742488767698731,4420608,9.540979117872439e-18
scaling-n1-b10,fashion_mnist-large,pattern_dense,20,1,10,64,0.35151584981940687,,0.043525892865127896,273307648,7.806255641895632e-18
scaling-n1-b10,fashion_mnist-large,pattern_adaptive,20,1,10,64,0.0016006280202418566,0.001588399987667799,0.10991468834468038,65536,2.6020852139652106e-18
scaling-n1-b10,cal_housing-large,original,2,1,10,64,0.00033528893254697323,0.0003250630106776953,0.3366058021680918,512,0.0
scaling-n1-b10,cal_housing-large,control,2,1,10,64,0.0003625198733061552,0.0003503519110381603,0.46580713388973694,3072,1.734723475976807e-18
scaling-n1-b10,cal_housing-large,lookup_global,2,1,10,64,0.0002534750383347273,0.0002407948486506939,0.4186279613802655,3072,1.734723475976807e-18
scaling-n1-b10,cal_housing-large,lookup_shared,2,1,10,64,0.0002526240423321724,0.000241466099396348,0.24064837961818827,3072,1.734723475976807e-18
scaling-n1-b10,cal_housing-large,lookup_constant,2,1,10,64,0.00025254301726818085,0.00024058506824076176,0.8042233622783239,3072,1.734723475976807e-18
scaling-n1-b10,cal_housing-large,incremental,2,1,10,64,0.0003901510499417782,0.00037759309634566307,0.9237829449869341,3072,1.734723475976807e-18
scaling-n1-b10,cal_housing-large,cache_background,2,1,10,64,0.00037907506339251995,0.0003516830038279295,0.19951999947485438,28160,1.734723475976807e-18
scaling-n1-b10,cal_housing-large,cache_foreground,2,1,10,64,0.00036260997876524925,0.0003357189707458019,0.39695672447601643,28160,1.734723475976807e-18
scaling-n1-b10,cal_housing-large,cache_both,2,1,10,64,0.00035277497954666615,0.00031789205968379974,0.34925706154192687,53248,1.734723475976807e-18
scaling-n1-b10,cal_housing-large,threshold_bins,2,1,10,64,0.0012343220878392458,0.00034314091317355633,0.4367013611813697,40960,1.734723475976807e-18
scaling-n1-b10,cal_housing-large,quadrature_leaf,2,1,10,64,0.001043402822688222,0.0010311140213161707,0.40475909005988747,3072,6.071532165918825e-18
scaling-n1-b10,cal_housing-large,quadrature_subtree,2,1,10,64,0.00022747507318854332,0.0002149560023099184,0.35254585984855785,3072,8.40256683676266e-18
scaling-n1-b10,cal_housing-large,local_reduce,2,1,10,64,0.00034033600240945816,0.0003300909884274006,0.4251791673242642,3072,7.643625316022806e-18
scaling-n1-b10,cal_housing-large,lookup_reduce,2,1,10,64,0.00023937318474054337,0.00022869696840643883,0.6912860797818432,3072,7.643625316022806e-18
scaling-n1-b10,cal_housing-large,lookup_cache_reduce,2,1,10,64,0.0002331240102648735,0.0001989421434700489,1.6526510420387703,53248,7.643625316022806e-18
scaling-n1-b10,cal_housing-large,pattern_background,2,1,10,64,0.009060715092346072,0.00023597804829478264,0.3609527837717198,1199616,7.426784881525705e-18
scaling-n1-b10,cal_housing-large,pattern_foreground,2,1,10,64,0.008808812825009227,0.00023421505466103554,1.7188197355391517,1218560,9.595189226496714e-18
scaling-n1-b10,cal_housing-large,pattern_sparse,2,1,10,64,0.009468033909797668,0.00023409491404891014,4.878515202593318,1226752,9.161508357502512e-18
scaling-n1-b10,cal_housing-large,pattern_dense,2,1,10,64,0.00823003496043384,0.00025547808036208153,0.09914725351325424,16969216,1.0570971181733668e-17
scaling-n1-b10,cal_housing-large,pattern_adaptive,2,1,10,64,0.0003664158284664154,0.0003521640319377184,0.13230920949662991,3072,1.734723475976807e-18
scaling-n1-b10,adult-large,original,2,1,10,64,0.0003405169118195772,0.00033045094460248947,0.5913677095883176,512,0.0
scaling-n1-b10,adult-large,control,2,1,10,64,0.0003543777856975794,0.00034396094270050526,0.4095530981453132,3072,3.469446951953614e-18
scaling-n1-b10,adult-large,lookup_global,2,1,10,64,0.000268016941845417,0.00025639799423515797,0.6334549680097894,3072,3.469446951953614e-18
scaling-n1-b10,adult-large,lookup_shared,2,1,10,64,0.00026888796128332615,0.00025369483046233654,1.1693673983194943,3072,3.469446951953614e-18
scaling-n1-b10,adult-large,lookup_constant,2,1,10,64,0.00026805605739355087,0.00025503593496978283,1.4005592022781115,3072,3.469446951953614e-18
scaling-n1-b10,adult-large,incremental,2,1,10,64,0.000375951174646616,0.000363360857591033,1.4566213190649144,3072,3.469446951953614e-18
scaling-n1-b10,adult-large,cache_background,2,1,10,64,0.0003497009165585041,0.0003196350298821926,1.1611387328567173,18432,3.469446951953614e-18
scaling-n1-b10,adult-large,cache_foreground,2,1,10,64,0.0003354491200298071,0.000308037968352437,0.2410329087118039,18432,3.469446951953614e-18
scaling-n1-b10,adult-large,cache_both,2,1,10,64,0.0002922730054706335,0.0002568298950791359,0.38065929084603073,33792,3.469446951953614e-18
scaling-n1-b10,adult-large,threshold_bins,2,1,10,64,0.0017110160551965237,0.0003490301314741373,1.6273778362231506,26112,3.469446951953614e-18
scaling-n1-b10,adult-large,quadrature_leaf,2,1,10,64,0.0009110618848353624,0.0008980631828308105,0.0864618052398788,3072,8.239936510889834e-18
scaling-n1-b10,adult-large,quadrature_subtree,2,1,10,64,0.00020239711739122868,0.00018933694809675217,0.38487140998525327,3072,1.2793585635328952e-17
scaling-n1-b10,adult-large,local_reduce,2,1,10,64,0.0003385930322110653,0.00032830797135829926,0.2655966868466095,3072,8.890457814381136e-18
scaling-n1-b10,adult-large,lookup_reduce,2,1,10,64,0.00025855214335024357,0.0002469539176672697,1.3700599829579676,3072,8.890457814381136e-18
scaling-n1-b10,adult-large,lookup_cache_reduce,2,1,10,64,0.00019932189024984837,0.00016230600886046886,1.699296535265586,33792,8.890457814381136e-18
scaling-n1-b10,adult-large,pattern_background,2,1,10,64,0.00654953601770103,0.00017275195568799973,0.4198894432756338,748544,9.107298248878237e-18
scaling-n1-b10,adult-large,pattern_foreground,2,1,10,64,0.0063245941419154406,0.00018393900245428085,0.09448915748719376,767488,9.324138683375338e-18
scaling-n1-b10,adult-large,pattern_sparse,2,1,10,64,0.006883492926135659,0.00018419884145259857,10.18388609193072,768000,8.673617379884035e-18
scaling-n1-b10,adult-large,pattern_dense,2,1,10,64,0.006662437925115228,0.00018598209135234356,0.22542933889050404,92071424,8.890457814381136e-18
scaling-n1-b10,adult-large,pattern_adaptive,2,1,10,64,0.0003572918940335512,0.0003437718842178583,0.35734507756719347,3072,3.469446951953614e-18
scaling-n1-b100,fashion_mnist-small,original,20,1,100,64,6.113294512033463e-05,5.066697485744953e-05,1.3149610994097547,62976,1.0408340855860843e-16
scaling-n1-b100,fashion_mnist-small,control,20,1,100,64,6.037089042365551e-05,4.603015258908272e-05,2.032295872735779,65024,1.3183898417423734e-16
scaling-n1-b100,fashion_mnist-small,lookup_global,20,1,100,64,5.164812318980694e-05,3.781798295676708e-05,3.662513010473086,65024,4.85722573273506e-17
scaling-n1-b100,fashion_mnist-small,lookup_shared,20,1,100,64,5.273008719086647e-05,3.774696961045265e-05,9.011701349156844,65024,1.6653345369377348e-16
scaling-n1-b100,fashion_mnist-small,lookup_constant,20,1,100,64,5.0667207688093185e-05,3.843801096081734e-05,3.300839032424584,65024,1.5265566588595902e-16
scaling-n1-b100,fashion_mnist-small,incremental,20,1,100,64,6.521912291646004e-05,4.994613118469715e-05,2.1912135374752055,65024,1.0408340855860843e-16
scaling-n1-b100,fashion_mnist-small,cache_background,20,1,100,64,7.139798253774643e-05,4.2625004425644875e-05,1.6705918335417511,70144,1.3183898417423734e-16
scaling-n1-b100,fashion_mnist-small,cache_foreground,20,1,100,64,7.153814658522606e-05,4.214397631585598e-05,5.477802668850126,66560,1.8735013540549517e-16
scaling-n1-b100,fashion_mnist-small,cache_both,20,1,100,64,8.389702998101711e-05,3.988994285464287e-05,5.624260569480578,71680,2.0816681711721685e-16
scaling-n1-b100,fashion_mnist-small,threshold_bins,20,1,100,64,0.06642104987986386,4.205293953418732e-05,3.1254210644461855,738816,4.163336342344337e-17
scaling-n1-b100,fashion_mnist-small,quadrature_leaf,20,1,100,64,6.89441803842783e-05,5.428306758403778e-05,8.557504532449066,65024,6.938893903907228e-17
scaling-n1-b100,fashion_mnist-small,quadrature_subtree,20,1,100,64,5.746702663600445e-05,4.615983925759792e-05,12.375466884380131,65024,5.551115123125783e-17
scaling-n1-b100,fashion_mnist-small,local_reduce,20,1,100,64,5.815783515572548e-05,4.491792060434818e-05,1.588885027387922,65024,4.85722573273506e-17
scaling-n1-b100,fashion_mnist-small,lookup_reduce,20,1,100,64,5.296105518937111e-05,3.772694617509842e-05,9.444059954580496,65024,4.85722573273506e-17
scaling-n1-b100,fashion_mnist-small,lookup_cache_reduce,20,1,100,64,7.082708179950714e-05,3.2118987292051315e-05,2.556506018199899,71680,4.85722573273506e-17
scaling-n1-b100,fashion_mnist-small,pattern_background,20,1,100,64,0.0008246209472417831,3.339000977575779e-05,4.257090447420471,340992,7.632783294297951e-17
scaling-n1-b100,fashion_mnist-small,pattern_foreground,20,1,100,64,0.000953656854107976,3.236904740333557e-05,0.6052465204509313,165888,1.5265566588595902e-16
scaling-n1-b100,fashion_mnist-small,pattern_sparse,20,1,100,64,0.0008787428960204124,3.2670097425580025e-05,0.24916340779823992,343040,7.632783294297951e-17
scaling-n1-b100,fashion_mnist-small,pattern_dense,20,1,100,64,0.000669094966724515,3.3661024644970894e-05,1.4712904749082274,165376,9.71445146547012e-17
scaling-n1-b100,fashion_mnist-small,pattern_adaptive,20,1,100,64,6.548012606799603e-05,4.8002926632761955e-05,3.1385485840139005,65024,1.942890293094024e-16
scaling-n1-b100,fashion_mnist-large,original,20,1,100,64,0.0026776809245347977,0.0026704210322350264,0.11764286486745941,62976,2.42861286636753e-17
scaling-n1-b100,fashion_mnist-large,control,20,1,100,64,0.002966108964756131,0.0029601010028272867,0.1455607817497687,65536,2.0816681711721685e-17
scaling-n1-b100,fashion_mnist-large,lookup_global,20,1,100,64,0.001663543051108718,0.0016534680034965277,0.1727947421999776,65536,2.0816681711721685e-17
scaling-n1-b100,fashion_mnist-large,lookup_shared,20,1,100,64,0.0017322581261396408,0.0017171348445117474,0.3409795168507932,65536,2.0816681711721685e-17
scaling-n1-b100,fashion_mnist-large,lookup_constant,20,1,100,64,0.0016591371968388557,0.001642812043428421,0.11138440110090678,65536,1.951563910473908e-17
scaling-n1-b100,fashion_mnist-large,incremental,20,1,100,64,0.0026159482076764107,0.0026060931850224733,0.27275253493427826,65536,2.7755575615628914e-17
scaling-n1-b100,fashion_mnist-large,cache_background,20,1,100,64,0.002875471953302622,0.002847830066457391,0.15071033197069486,421376,2.0816681711721685e-17
scaling-n1-b100,fashion_mnist-large,cache_foreground,20,1,100,64,0.0028796980623155832,0.002851394936442375,0.11796624760196056,154624,2.6020852139652106e-17
scaling-n1-b100,fashion_mnist-large,cache_both,20,1,100,64,0.0027622501365840435,0.0027279178611934185,0.14713296943936657,510464,1.7780915628762273e-17
scaling-n1-b100,fashion_mnist-large,threshold_bins,20,1,100,64,0.08143195603042841,0.002896664198487997,0.46258823170719354,1175552,2.42861286636753e-17
scaling-n1-b100,fashion_mnist-large,quadrature_leaf,20,1,100,64,0.007684457115828991,0.00766517804004252,0.05035354643608299,65536,5.551115123125783e-17
scaling-n1-b100,fashion_mnist-large,quadrature_subtree,20,1,100,64,0.0007058009505271912,0.0006927910726517439,0.27927816324887755,65536,9.922618282587337e-16
scaling-n1-b100,fashion_mnist-large,local_reduce,20,1,100,64,0.002664111088961363,0.002655969001352787,0.8808974650871347,65536,9.870576578308032e-16
scaling-n1-b100,fashion_mnist-large,lookup_reduce,20,1,100,64,0.0014550969935953617,0.0014387129340320826,0.2578329437473842,65536,9.853229343548264e-16
scaling-n1-b100,fashion_mnist-large,lookup_cache_reduce,20,1,100,64,0.0012451179791241884,0.0012064699549227953,0.26681542091192356,510464,9.870576578308032e-16
scaling-n1-b100,fashion_mnist-large,pattern_background,20,1,100,64,0.04167801304720342,0.0010405590292066336,0.12926596747658398,4425728,9.835882108788496e-16
scaling-n1-b100,fashion_mnist-large,pattern_foreground,20,1,100,64,0.035993259865790606,0.0010915759485214949,0.19720004257473697,4443136,1.0026701691145945e-15
scaling-n1-b100,fashion_mnist-large,pattern_sparse,20,1,100,64,0.04310447792522609,0.0010916059836745262,0.5194870904036728,4523008,9.835882108788496e-16
scaling-n1-b100,fashion_mnist-large,pattern_dense,20,1,100,64,0.3516523519065231,,0.09691722808141201,273353728,9.8879238130678e-16
scaling-n1-b100,fashion_mnist-large,pattern_adaptive,20,1,100,64,0.0029826939571648836,0.0029542117845267057,0.1528023543014066,65536,1.734723475976807e-17
scaling-n1-b100,cal_housing-large,original,2,1,100,64,0.00036148889921605587,0.00035049207508563995,0.36734735790542533,512,3.686287386450715e-18
scaling-n1-b100,cal_housing-large,control,2,1,100,64,0.00038819899782538414,0.00037862383760511875,0.11268182870706378,3072,8.673617379884035e-19
scaling-n1-b100,cal_housing-large,lookup_global,2,1,100,64,0.00026640412397682667,0.0002552671357989311,0.6001605684087402,3072,2.6020852139652106e-18
scaling-n1-b100,cal_housing-large,lookup_shared,2,1,100,64,0.00027316389605402946,0.00026033492758870125,0.49927175396137574,3072,1.734723475976807e-18
scaling-n1-b100,cal_housing-large,lookup_constant,2,1,100,64,0.00026557291857898235,0.0002540550194680691,0.28693279762901697,3072,1.734723475976807e-18
scaling-n1-b100,cal_housing-large,incremental,2,1,100,64,0.00043524010106921196,0.00042470404878258705,1.2766637390138118,3072,6.071532165918825e-18
scaling-n1-b100,cal_housing-large,cache_background,2,1,100,64,0.0004025897942483425,0.00037863501347601414,0.08020625831630272,102400,1.3010426069826053e-18
scaling-n1-b100,cal_housing-large,cache_foreground,2,1,100,64,0.0003917240537703037,0.00036105792969465256,0.5644853578087696,28160,2.3852447794681098e-18
scaling-n1-b100,cal_housing-large,cache_both,2,1,100,64,0.00038226996548473835,0.00034669600427150726,0.2845512974677013,127488,3.0357660829594124e-18
scaling-n1-b100,cal_housing-large,threshold_bins,2,1,100,64,0.0013109990395605564,0.0003693199250847101,2.6362615805096166,47616,3.0357660829594124e-18
scaling-n1-b100,cal_housing-large,quadrature_leaf,2,1,100,64,0.0011789780110120773,0.0011672910768538713,0.0516208244564561,3072,2.6020852139652106e-18
scaling-n1-b100,cal_housing-large,quadrature_subtree,2,1,100,64,0.0002222880721092224,0.00020873709581792355,4.356946270367923,3072,3.0357660829594124e-17
scaling-n1-b100,cal_housing-large,local_reduce,2,1,100,64,0.0003718941006809473,0.00036079692654311657,0.1188274913604438,3072,3.5561831257524545e-17
scaling-n1-b100,cal_housing-large,lookup_reduce,2,1,100,64,0.00025976402685046196,0.000247785123065114,0.861229400796249,3072,3.5561831257524545e-17
scaling-n1-b100,cal_housing-large,lookup_cache_reduce,2,1,100,64,0.00025345408357679844,0.00021877209655940533,1.709850293241117,127488,3.5561831257524545e-17
scaling-n1-b100,cal_housing-large,pattern_background,2,1,100,64,0.009701275965198874,0.00023934291675686836,0.2705604046592329,1410048,3.2959746043559335e-17
scaling-n1-b100,cal_housing-large,pattern_foreground,2,1,100,64,0.008962956024333835,0.00023840204812586308,0.33843205826011635,1277440,3.2959746043559335e-17
scaling-n1-b100,cal_housing-large,pattern_sparse,2,1,100,64,0.01019960199482739,0.0002467141021043062,4.381992448092249,1436672,3.2959746043559335e-17
scaling-n1-b100,cal_housing-large,pattern_dense,2,1,100,64,0.008192568086087704,0.0002541760914027691,0.05959740167549073,17008640,3.469446951953614e-17
scaling-n1-b100,cal_housing-large,pattern_adaptive,2,1,100,64,0.0003918539732694626,0.00038126809522509575,0.2980527383031155,3072,3.686287386450715e-18
scaling-n1-b100,adult-large,original,2,1,100,64,0.00047646299935877323,0.00046784989535808563,0.5959130058959997,512,4.336808689942018e-18
scaling-n1-b100,adult-large,control,2,1,100,64,0.0004928379785269499,0.00048186094500124454,0.2246289614066047,3072,5.854691731421724e-18
scaling-n1-b100,adult-large,lookup_global,2,1,100,64,0.00035475799813866615,0.0003439919091761112,0.23971206454172622,3072,7.589415207398531e-18
scaling-n1-b100,adult-large,lookup_shared,2,1,100,64,0.0003679280634969473,0.0003577431198209524,0.34150924120776144,3072,7.589415207398531e-18
scaling-n1-b100,adult-large,lookup_constant,2,1,100,64,0.0003554290160536766,0.00034223892726004124,0.2395859364817087,3072,8.456776945386935e-18
scaling-n1-b100,adult-large,incremental,2,1,100,64,0.000534190097823739,0.0005209201481193304,0.39113963124960827,3072,1.1058862159352145e-17
scaling-n1-b100,adult-large,cache_background,2,1,100,64,0.0004766529891639948,0.0004495019093155861,0.5660804534918372,64000,8.023096076392733e-18
scaling-n1-b100,adult-large,cache_foreground,2,1,100,64,0.0004623420536518097,0.0004359711892902851,0.34906880881936897,18432,8.023096076392733e-18
scaling-n1-b100,adult-large,cache_both,2,1,100,64,0.0004209389444440603,0.00038172886706888676,0.5027299749039752,79360,9.324138683375338e-18
scaling-n1-b100,adult-large,threshold_bins,2,1,100,64,0.0019085858948528767,0.0004843741189688444,1.2964577552553267,36864,7.15573433840433e-18
scaling-n1-b100,adult-large,quadrature_leaf,2,1,100,64,0.0013523211237043142,0.001338600181043148,0.12813108642859164,3072,9.75781955236954e-18
scaling-n1-b100,adult-large,quadrature_subtree,2,1,100,64,0.00023522600531578064,0.00022281799465417862,1.5411722211214292,3072,2.7755575615628914e-17
scaling-n1-b100,adult-large,local_reduce,2,1,100,64,0.00046684802509844303,0.00045546097680926323,0.501447290857331,3072,2.6454533008646308e-17
scaling-n1-b100,adult-large,lookup_reduce,2,1,100,64,0.0003398361150175333,0.0003272760659456253,0.5573070112578432,3072,2.667137344314341e-17
scaling-n1-b100,adult-large,lookup_cache_reduce,2,1,100,64,0.00026137707754969597,0.00022413977421820164,0.7089768094461392,79360,2.7321894746634712e-17
scaling-n1-b100,adult-large,pattern_background,2,1,100,64,0.0069758109748363495,0.00018217600882053375,0.46110569694789627,978432,2.6237692574149207e-17
scaling-n1-b100,adult-large,pattern_foreground,2,1,100,64,0.006536585045978427,0.00018311780877411366,0.2730361290152437,826368,2.2768245622195593e-17
scaling-n1-b100,adult-large,pattern_sparse,2,1,100,64,0.007317940937355161,0.00018613203428685665,5.730413406311601,996864,2.5370330836160804e-17
scaling-n1-b100,adult-large,pattern_dense,2,1,100,64,0.006664939923211932,0.0001828470267355442,0.11443944065785555,92073472,2.667137344314341e-17
scaling-n1-b100,adult-large,pattern_adaptive,2,1,100,64,0.0004972750321030617,0.00048506585881114006,0.5364670198141062,3072,5.421010862427522e-18
scaling-n1-b1000,fashion_mnist-small,original,20,1,1000,64,6.0510821640491486e-05,4.957499913871288e-05,4.445072354689338,62976,5.204170427930421e-16
scaling-n1-b1000,fashion_mnist-small,control,20,1,1000,64,6.059114821255207e-05,4.724203608930111e-05,0.23660822942110368,65024,1.457167719820518e-16
scaling-n1-b1000,fashion_mnist-small,lookup_global,20,1,1000,64,5.3010182455182076e-05,3.9659906178712845e-05,0.4293448887033788,65024,4.0939474033052647e-16
scaling-n1-b1000,fashion_mnist-small,lookup_shared,20,1,1000,64,5.439296364784241e-05,3.958004526793957e-05,5.778662616856453,65024,4.3021142204224816e-16
scaling-n1-b1000,fashion_mnist-small,lookup_constant,20,1,1000,64,5.186907947063446e-05,3.913906402885914e-05,2.972902179352559,65024,2.42861286636753e-16
scaling-n1-b1000,fashion_mnist-small,incremental,20,1,1000,64,6.578001193702221e-05,5.199899896979332e-05,5.42828745498582,65024,1.734723475976807e-16
scaling-n1-b1000,fashion_mnist-small,cache_background,20,1,1000,64,7.589487358927727e-05,4.258495755493641e-05,1.2035277909110211,103424,1.1102230246251565e-16
scaling-n1-b1000,fashion_mnist-small,cache_foreground,20,1,1000,64,7.571489550173283e-05,4.436704330146313e-05,12.43480416144292,66560,1.0894063429134349e-15
scaling-n1-b1000,fashion_mnist-small,cache_both,20,1,1000,64,7.595610804855824e-05,4.1242921724915504e-05,1.8134960549121806,104960,1.1102230246251565e-16
scaling-n1-b1000,fashion_mnist-small,threshold_bins,20,1,1000,64,0.06704261293634772,4.436704330146313e-05,0.1785410624513716,6398464,9.645062526431047e-16
scaling-n1-b1000,fashion_mnist-small,quadrature_leaf,20,1,1000,64,6.750202737748623e-05,5.415198393166065e-05,1.3327774967229231,65024,1.1102230246251565e-16
scaling-n1-b1000,fashion_mnist-small,quadrature_subtree,20,1,1000,64,6.113294512033463e-05,4.912493750452995e-05,2.3819429400830963,65024,1.85268467234323e-15
scaling-n1-b1000,fashion_mnist-small,local_reduce,20,1,1000,64,5.8699166402220726e-05,4.4767046347260475e-05,1.7356859779646465,65024,1.9567680809018384e-15
scaling-n1-b1000,fashion_mnist-small,lookup_reduce,20,1,1000,64,5.280994810163975e-05,3.8727885112166405e-05,17.002097620587485,65024,1.9637069748057456e-15
scaling-n1-b1000,fashion_mnist-small,lookup_cache_reduce,20,1,1000,64,7.141800597310066e-05,3.2199081033468246e-05,1.4783791198089002,104960,1.9984014443252818e-15
scaling-n1-b1000,fashion_mnist-small,pattern_background,20,1,1000,64,0.0010280190035700798,3.288988955318928e-05,9.88037943931251,2644992,1.2038980923279041e-15
scaling-n1-b1000,fashion_mnist-small,pattern_foreground,20,1,1000,64,0.005726667121052742,3.5093165934085846e-05,0.15801732749920183,857088,1.1379786002407855e-15
scaling-n1-b1000,fashion_mnist-small,pattern_sparse,20,1,1000,64,0.0011274199932813644,3.639492206275463e-05,14.403605620037117,2647040,1.2038980923279041e-15
scaling-n1-b1000,fashion_mnist-small,pattern_dense,20,1,1000,64,0.0006931209936738014,3.5913893952965736e-05,0.9044653207415156,626176,1.1900203045200897e-15
scaling-n1-b1000,fashion_mnist-small,pattern_adaptive,20,1,1000,64,6.466801278293133e-05,4.807300865650177e-05,2.497398442900386,65024,1.457167719820518e-16
scaling-n1-b1000,fashion_mnist-large,original,20,1,1000,64,0.0029226429760456085,0.0029146908782422543,0.10142919433310676,62976,1.249000902703301e-16
scaling-n1-b1000,fashion_mnist-large,control,20,1,1000,64,0.003241155995056033,0.003228466957807541,0.17379038469720864,65536,9.367506770274758e-17
scaling-n1-b1000,fashion_mnist-large,lookup_global,20,1,1000,64,0.0018636670429259539,0.00184156303294003,0.37247994467459106,65536,1.8735013540549517e-16
scaling-n1-b1000,fashion_mnist-large,lookup_shared,20,1,1000,64,0.0019442387856543064,0.001961215166375041,0.1453016957626098,65536,2.1510571102112408e-16
scaling-n1-b1000,fashion_mnist-large,lookup_constant,20,1,1000,64,0.0018436058890074492,0.001840441022068262,0.4689902019582839,65536,1.8735013540549517e-16
scaling-n1-b1000,fashion_mnist-large,incremental,20,1,1000,64,0.0029024118557572365,0.002897724974900484,0.05961618908619836,65536,8.109832250191573e-17
scaling-n1-b1000,fashion_mnist-large,cache_background,20,1,1000,64,0.003242358099669218,0.0031393319368362427,0.06800906835100246,2910720,1.0755285551056204e-16
scaling-n1-b1000,fashion_mnist-large,cache_foreground,20,1,1000,64,0.0031311488710343838,0.0030970380175858736,0.2833824832486539,154624,5.204170427930421e-17
scaling-n1-b1000,fashion_mnist-large,cache_both,20,1,1000,64,0.0031052499543875456,0.002997657051309943,0.15935329511515656,2999808,1.249000902703301e-16
scaling-n1-b1000,fashion_mnist-large,threshold_bins,20,1,1000,64,0.08220912097021937,0.0031605639960616827,0.4820983416875157,6835200,1.1796119636642288e-16
scaling-n1-b1000,fashion_mnist-large,quadrature_leaf,20,1,1000,64,0.008540854090824723,0.00851386389695108,0.12364654257842962,65536,2.3245294578089215e-16
scaling-n1-b1000,fashion_mnist-large,quadrature_subtree,20,1,1000,64,0.0011716170702129602,0.0011555531527847052,0.13556875885535483,65536,3.552713678800501e-15
scaling-n1-b1000,fashion_mnist-large,local_reduce,20,1,1000,64,0.002928611822426319,0.00290754996240139,0.22742271858780855,65536,3.58046925441613e-15
scaling-n1-b1000,fashion_mnist-large,lookup_reduce,20,1,1000,64,0.0016364429611712694,0.0016161308158189058,0.062258621065509924,65536,3.58046925441613e-15
scaling-n1-b1000,fashion_mnist-large,lookup_cache_reduce,20,1,1000,64,0.0014920730609446764,0.0013876149896532297,0.174041128215928,2999808,3.5839387013680835e-15
scaling-n1-b1000,fashion_mnist-large,pattern_background,20,1,1000,64,0.14090886688791215,0.0010642351116985083,0.015828024095749526,6550016,3.5839387013680835e-15
scaling-n1-b1000,fashion_mnist-large,pattern_foreground,20,1,1000,64,0.23781570978462696,0.0010997580830007792,0.008692535683673801,4880896,3.469446951953614e-15
scaling-n1-b1000,fashion_mnist-large,pattern_sparse,20,1,1000,64,0.14254943700507283,0.0010994879994541407,0.061938819812847434,6636544,3.5839387013680835e-15
scaling-n1-b1000,fashion_mnist-large,pattern_dense,20,1,1000,64,0.3522634538821876,,0.010470614619833256,273814528,3.576999807464176e-15
scaling-n1-b1000,fashion_mnist-large,pattern_adaptive,20,1,1000,64,0.003243108978495002,0.0032333550043404102,0.06940331871290406,65536,1.1796119636642288e-16
scaling-n1-b1000,cal_housing-large,original,2,1,1000,64,0.0004049038980156183,0.0003938479349017143,2.078174380411229,512,3.599551212651875e-17
scaling-n1-b1000,cal_housing-large,control,2,1,1000,64,0.0004356910940259695,0.0004246239550411701,0.17340259804041028,3072,2.862293735361732e-17
scaling-n1-b1000,cal_housing-large,lookup_global,2,1,1000,64,0.0002943959552794695,0.0002827388234436512,0.24085134198625324,3072,2.7755575615628914e-17
scaling-n1-b1000,cal_housing-large,lookup_shared,2,1,1000,64,0.0002996840048581362,0.0002860038075596094,0.6071876915690444,3072,2.688821387764051e-17
scaling-n1-b1000,cal_housing-large,lookup_constant,2,1,1000,64,0.00029496802017092705,0.0002825378905981779,2.65860816916067,3072,3.2959746043559335e-17
scaling-n1-b1000,cal_housing-large,incremental,2,1,1000,64,0.0004786960780620575,0.0004672480281442404,0.5588287326303638,3072,4.683753385137379e-17
scaling-n1-b1000,cal_housing-large,cache_background,2,1,1000,64,0.00046600704081356525,0.00042689801193773746,0.48611123357090474,794112,2.688821387764051e-17
scaling-n1-b1000,cal_housing-large,cache_foreground,2,1,1000,64,0.00043441890738904476,0.00041059195064008236,0.6748701461779039,28160,3.642919299551295e-17
scaling-n1-b1000,cal_housing-large,cache_both,2,1,1000,64,0.00044585601426661015,0.00039488915354013443,0.5898723737000718,819200,2.2551405187698492e-17
scaling-n1-b1000,cal_housing-large,threshold_bins,2,1,1000,64,0.0013137131463736296,0.0004069278948009014,2.0129791467632683,119808,3.469446951953614e-17
scaling-n1-b1000,cal_housing-large,quadrature_leaf,2,1,1000,64,0.0013320199213922024,0.0013191008474677801,0.2612181706398402,3072,3.361026734705064e-17
scaling-n1-b1000,cal_housing-large,quadrature_subtree,2,1,1000,64,0.00022187689319252968,0.00021018902771174908,1.891176719169104,3072,1.7867651802561113e-16
scaling-n1-b1000,cal_housing-large,local_reduce,2,1,1000,64,0.0004114441107958555,0.00039843516424298286,0.2847335008157479,3072,1.7433970933566911e-16
scaling-n1-b1000,cal_housing-large,lookup_reduce,2,1,1000,64,0.0002803050447255373,0.0002672048285603523,1.4034940570052512,3072,1.7694179454963432e-16
scaling-n1-b1000,cal_housing-large,lookup_cache_reduce,2,1,1000,64,0.0002936050295829773,0.00024099601432681084,0.36821940922158447,819200,1.7694179454963432e-16
scaling-n1-b1000,cal_housing-large,pattern_background,2,1,1000,64,0.015991805121302605,0.00023917295038700104,0.33721335147216586,3714048,2.1510571102112408e-16
scaling-n1-b1000,cal_housing-large,pattern_foreground,2,1,1000,64,0.025474336929619312,0.00024122605100274086,0.04385609969540637,1957376,2.255140518769849e-16
scaling-n1-b1000,cal_housing-large,pattern_sparse,2,1,1000,64,0.016156505094841123,0.00024845683947205544,0.353641555492085,3740672,2.1163626406917047e-16
scaling-n1-b1000,cal_housing-large,pattern_dense,2,1,1000,64,0.008169220061972737,0.00024804612621665,0.12476957260572726,17404928,2.1337098754514727e-16
scaling-n1-b1000,cal_housing-large,pattern_adaptive,2,1,1000,64,0.00044109905138611794,0.00042683794163167477,0.4192421272396843,3072,2.6454533008646308e-17
scaling-n1-b1000,adult-large,original,2,1,1000,64,0.00047534098848700523,0.0004666880704462528,0.2322718349896368,512,2.47198095326695e-17
scaling-n1-b1000,adult-large,control,2,1,1000,64,0.0004971439484506845,0.0004858272150158882,0.2504381079069119,3072,2.6020852139652106e-17
scaling-n1-b1000,adult-large,lookup_global,2,1,1000,64,0.0003621689975261688,0.0003480680752545595,0.6207069653458567,3072,2.2551405187698492e-17
scaling-n1-b1000,adult-large,lookup_shared,2,1,1000,64,0.0003685189876705408,0.0003587950486689806,0.3428524058362256,3072,1.5612511283791264e-17
scaling-n1-b1000,adult-large,lookup_constant,2,1,1000,64,0.0003617280162870884,0.00034833792597055435,0.21170680121916036,3072,1.3877787807814457e-17
scaling-n1-b1000,adult-large,incremental,2,1,1000,64,0.0005372250452637672,0.000528502045199275,0.17307816026410175,3072,1.734723475976807e-17
scaling-n1-b1000,adult-large,cache_background,2,1,1000,64,0.0004890519194304943,0.0004596069920808077,0.06562707468546934,487424,3.0357660829594124e-17
scaling-n1-b1000,adult-large,cache_foreground,2,1,1000,64,0.0004628719761967659,0.000437422888353467,0.4060065638885779,18432,3.9898639947466563e-17
scaling-n1-b1000,adult-large,cache_both,2,1,1000,64,0.0004280689172446728,0.00038996199145913124,0.08632307332749208,502784,3.642919299551295e-17
scaling-n1-b1000,adult-large,threshold_bins,2,1,1000,64,0.0019213641062378883,0.0004919059574604034,3.8171848257990093,152576,4.2934406030425976e-17
scaling-n1-b1000,adult-large,quadrature_leaf,2,1,1000,64,0.0013557970523834229,0.0013429468963295221,0.10458202081406902,3072,2.3852447794681098e-17
scaling-n1-b1000,adult-large,quadrature_subtree,2,1,1000,64,0.00024837604723870754,0.0002358469646424055,0.24038544703610068,3072,1.3530843112619095e-16
scaling-n1-b1000,adult-large,local_reduce,2,1,1000,64,0.000467419158667326,0.00045595085248351097,0.29177776510134884,3072,1.4137996329210978e-16
scaling-n1-b1000,adult-large,lookup_reduce,2,1,1000,64,0.0003413280937820673,0.0003289890009909868,0.10745753334756265,3072,1.4137996329210978e-16
scaling-n1-b1000,adult-large,lookup_cache_reduce,2,1,1000,64,0.0002735049929469824,0.00023642904125154018,0.7215251091854336,502784,1.4311468676808659e-16
scaling-n1-b1000,adult-large,pattern_background,2,1,1000,64,0.014269372913986444,0.00017891102470457554,0.4894890514581863,3282432,1.457167719820518e-16
scaling-n1-b1000,adult-large,pattern_foreground,2,1,1000,64,0.02382285217754543,0.00019758008420467377,0.09638799619988922,1517568,1.5178830414797062e-16
scaling-n1-b1000,adult-large,pattern_sparse,2,1,1000,64,0.014408112969249487,0.00019809999503195286,0.39422224502671604,3300864,1.457167719820518e-16
scaling-n1-b1000,adult-large,pattern_dense,2,1,1000,64,0.006717117037624121,0.00018821610137820244,0.22062429823527943,92094976,1.448494102440634e-16
scaling-n1-b1000,adult-large,pattern_adaptive,2,1,1000,64,0.0005019810050725937,0.0004867978859692812,0.05026313200574383,3072,1.691355389077387e-17
scaling-n100-b1,fashion_mnist-small,original,20,100,1,64,0.00012386799789965153,6.448803469538689e-05,1.0232187781597002,6280192,1.734723475976807e-18
scaling-n100-b1,fashion_mnist-small,control,20,100,1,64,0.0001375179272145033,6.206403486430645e-05,3.441279941636104,6282240,6.938893903907228e-18
scaling-n100-b1,fashion_mnist-small,lookup_global,20,100,1,64,0.00012970599345862865,5.445210263133049e-05,1.9533726721484974,6282240,6.938893903907228e-18
scaling-n100-b1,fashion_mnist-small,lookup_shared,20,100,1,64,0.00013299193233251572,5.574407987296581e-05,1.8622937090652398,6282240,6.938893903907228e-18
scaling-n100-b1,fashion_mnist-small,lookup_constant,20,100,1,64,0.00013140891678631306,5.5865151807665825e-05,2.0362680445950843,6282240,6.938893903907228e-18
scaling-n100-b1,fashion_mnist-small,incremental,20,100,1,64,0.00014158501289784908,6.784312427043915e-05,5.723512611311041,6282240,6.938893903907228e-18
scaling-n100-b1,fashion_mnist-small,cache_background,20,100,1,64,0.00017546606250107288,6.109196692705154e-05,3.060146854345158,6283776,6.938893903907228e-18
scaling-n100-b1,fashion_mnist-small,cache_foreground,20,100,1,64,0.00017757900059223175,5.887891165912151e-05,0.6586215032517286,6287360,6.938893903907228e-18
scaling-n100-b1,fashion_mnist-small,cache_both,20,100,1,64,0.0001822060439735651,5.6925928220152855e-05,0.7277654010544888,6288896,6.938893903907228e-18
scaling-n100-b1,fashion_mnist-small,threshold_bins,20,100,1,64,0.0658804199192673,5.938997492194176e-05,0.49723982878564243,6955008,6.938893903907228e-18
scaling-n100-b1,fashion_mnist-small,quadrature_leaf,20,100,1,64,0.00014424906112253666,7.048691622912884e-05,0.3518974844271694,6282240,1.3877787807814457e-17
scaling-n100-b1,fashion_mnist-small,quadrature_subtree,20,100,1,64,0.00013748789206147194,6.193411536514759e-05,1.8574100927416406,6282240,1.3877787807814457e-17
scaling-n100-b1,fashion_mnist-small,local_reduce,20,100,1,64,0.00014974689111113548,6.347591988742352e-05,4.9898098308583005,6282240,1.3877787807814457e-17
scaling-n100-b1,fashion_mnist-small,lookup_reduce,20,100,1,64,0.00012816395610570908,5.364115349948406e-05,7.956856772788024,6282240,1.3877787807814457e-17
scaling-n100-b1,fashion_mnist-small,lookup_cache_reduce,20,100,1,64,0.0001766469795256853,4.8273010179400444e-05,2.983122110907829,6288896,1.3877787807814457e-17
scaling-n100-b1,fashion_mnist-small,pattern_background,20,100,1,64,0.0010437429882586002,5.1178038120269775e-05,0.855411056762837,6944256,1.3877787807814457e-17
scaling-n100-b1,fashion_mnist-small,pattern_foreground,20,100,1,64,0.0012150828260928392,5.104695446789265e-05,0.26902417703476555,7081984,1.3877787807814457e-17
scaling-n100-b1,fashion_mnist-small,pattern_sparse,20,100,1,64,0.001201180974021554,5.1829032599925995e-05,1.6396339671223013,7082496,1.3877787807814457e-17
scaling-n100-b1,fashion_mnist-small,pattern_dense,20,100,1,64,0.0008823280222713947,5.0405971705913544e-05,1.0783044370338457,6468608,1.3877787807814457e-17
scaling-n100-b1,fashion_mnist-small,pattern_adaptive,20,100,1,64,0.00015777000226080418,6.462796591222286e-05,5.703163467229778,6282240,6.938893903907228e-18
scaling-n100-b1,fashion_mnist-large,original,20,100,1,64,0.0021898308768868446,0.002137702889740467,0.1361490652041444,6280192,1.3877787807814457e-17
scaling-n100-b1,fashion_mnist-large,control,20,100,1,64,0.002426900900900364,0.0023593390360474586,0.07313798768159005,6282752,1.3010426069826053e-17
scaling-n100-b1,fashion_mnist-large,lookup_global,20,100,1,64,0.0014423171523958445,0.0013681151904165745,0.6047586711494761,6282752,1.3877787807814457e-17
scaling-n100-b1,fashion_mnist-large,lookup_shared,20,100,1,64,0.001501837046816945,0.0014307498931884766,0.3377384906083866,6282752,1.3877787807814457e-17
scaling-n100-b1,fashion_mnist-large,lookup_constant,20,100,1,64,0.001431501004844904,0.0013672439381480217,0.16825950173722337,6282752,1.3877787807814457e-17
scaling-n100-b1,fashion_mnist-large,incremental,20,100,1,64,0.0022512939758598804,0.002180066891014576,0.11352601626276515,6282752,1.3877787807814457e-17
scaling-n100-b1,fashion_mnist-large,cache_background,20,100,1,64,0.0024350429885089397,0.002324604894965887,0.053063246531365585,6371840,1.3010426069826053e-17
scaling-n100-b1,fashion_mnist-large,cache_foreground,20,100,1,64,0.002369072986766696,0.0022616111673414707,0.19444151104851964,6638592,1.3010426069826053e-17
scaling-n100-b1,fashion_mnist-large,cache_both,20,100,1,64,0.0023034641053527594,0.002189500955864787,0.2290093763642025,6727680,1.3010426069826053e-17
scaling-n100-b1,fashion_mnist-large,threshold_bins,20,100,1,64,0.0814180530142039,0.002348572015762329,0.09822550486755081,7391744,1.3877787807814457e-17
scaling-n100-b1,fashion_mnist-large,quadrature_leaf,20,100,1,64,0.006337831960991025,0.0062616069335490465,0.017658698302728378,6282752,4.85722573273506e-17
scaling-n100-b1,fashion_mnist-large,quadrature_subtree,20,100,1,64,0.0008619569707661867,0.0007955559995025396,0.5481143782583342,6282752,5.551115123125783e-17
scaling-n100-b1,fashion_mnist-large,local_reduce,20,100,1,64,0.0022030018735677004,0.0021241719368845224,0.12305812756807609,6282752,3.469446951953614e-17
scaling-n100-b1,fashion_mnist-large,lookup_reduce,20,100,1,64,0.001276476075872779,0.001207210822030902,0.3826901883513852,6282752,3.469446951953614e-17
scaling-n100-b1,fashion_mnist-large,lookup_cache_reduce,20,100,1,64,0.0011527480091899633,0.0010339978616684675,0.4438456507922945,6727680,3.469446951953614e-17
scaling-n100-b1,fashion_mnist-large,pattern_background,20,100,1,64,0.032267296919599175,0.001595039153471589,2.258236417441313,169122304,4.163336342344337e-17
scaling-n100-b1,fashion_mnist-large,pattern_foreground,20,100,1,64,0.03869293304160237,0.0014856532216072083,1.8396097972642649,178035200,4.85722573273506e-17
scaling-n100-b1,fashion_mnist-large,pattern_sparse,20,100,1,64,0.03814552305266261,0.0014945969451218843,0.3877038665294789,178035712,4.163336342344337e-17
scaling-n100-b1,fashion_mnist-large,pattern_dense,20,100,1,64,0.35194674693048,,0.020053968957092917,283550208,4.85722573273506e-17
scaling-n100-b1,fashion_mnist-large,pattern_adaptive,20,100,1,64,0.0024324089754372835,0.0023675409611314535,0.06840959677596582,6282752,1.3877787807814457e-17
scaling-n100-b1,cal_housing-large,original,2,100,1,64,0.00035300501622259617,0.00034374091774225235,0.16705947961449052,7680,6.938893903907228e-18
scaling-n100-b1,cal_housing-large,control,2,100,1,64,0.0003764210268855095,0.00036464305594563484,0.6742481759518293,10240,1.3877787807814457e-17
scaling-n100-b1,cal_housing-large,lookup_global,2,100,1,64,0.0002547160256654024,0.00024232710711658,0.7792757599095952,10240,1.3877787807814457e-17
scaling-n100-b1,cal_housing-large,lookup_shared,2,100,1,64,0.0002630788367241621,0.0002528631594032049,0.654095127420652,10240,1.3877787807814457e-17
scaling-n100-b1,cal_housing-large,lookup_constant,2,100,1,64,0.0002525527961552143,0.00024148612283170223,0.6305526205056241,10240,1.3877787807814457e-17
scaling-n100-b1,cal_housing-large,incremental,2,100,1,64,0.0004225198645144701,0.0004086100962013006,0.7159515936869961,10240,1.3877787807814457e-17
scaling-n100-b1,cal_housing-large,cache_background,2,100,1,64,0.000384222948923707,0.0003566918894648552,0.7368486392838798,35328,1.3877787807814457e-17
scaling-n100-b1,cal_housing-large,cache_foreground,2,100,1,64,0.00038055703043937683,0.00034796795807778835,0.47080911453920027,109568,1.3877787807814457e-17
scaling-n100-b1,cal_housing-large,cache_both,2,100,1,64,0.0003714230842888355,0.0003381730057299137,0.4310081699761232,134656,1.3877787807814457e-17
scaling-n100-b1,cal_housing-large,threshold_bins,2,100,1,64,0.0012660298962146044,0.00035169394686818123,3.0940463371968416,54272,1.3877787807814457e-17
scaling-n100-b1,cal_housing-large,quadrature_leaf,2,100,1,64,0.0011443349067121744,0.0011313359718769789,0.34711632026945466,10240,3.122502256758253e-17
scaling-n100-b1,cal_housing-large,quadrature_subtree,2,100,1,64,0.0001801729667931795,0.00016641197726130486,1.3159041837949796,10240,2.0816681711721685e-17
scaling-n100-b1,cal_housing-large,local_reduce,2,100,1,64,0.0003584029618650675,0.0003451830707490444,0.34458421223469515,10240,1.734723475976807e-17
scaling-n100-b1,cal_housing-large,lookup_reduce,2,100,1,64,0.00024127517826855183,0.00023480597883462906,5.764865331873319,10240,1.734723475976807e-17
scaling-n100-b1,cal_housing-large,lookup_cache_reduce,2,100,1,64,0.0002443208359181881,0.0002044199500232935,5.342309834558802,134656,1.734723475976807e-17
scaling-n100-b1,cal_housing-large,pattern_background,2,100,1,64,0.008166596060618758,0.0002373899333178997,1.863212313466308,45258240,2.42861286636753e-17
scaling-n100-b1,cal_housing-large,pattern_foreground,2,100,1,64,0.010292680002748966,0.00026188697665929794,4.089733814637162,47754240,1.734723475976807e-17
scaling-n100-b1,cal_housing-large,pattern_sparse,2,100,1,64,0.009931501932442188,0.0002519921399652958,5.453171286727735,47754752,1.734723475976807e-17
scaling-n100-b1,cal_housing-large,pattern_dense,2,100,1,64,0.008179985918104649,0.00025355396792292595,0.7475964291244731,19420160,2.42861286636753e-17
scaling-n100-b1,cal_housing-large,pattern_adaptive,2,100,1,64,0.0003812678623944521,0.00036619603633880615,0.7290660310400996,10240,1.3877787807814457e-17
scaling-n100-b1,adult-large,original,2,100,1,64,0.0006194089073687792,0.0006085429340600967,0.2834747418065458,12288,3.469446951953614e-18
scaling-n100-b1,adult-large,control,2,100,1,64,0.0006379371043294668,0.0006240869406610727,1.236814151738915,14848,7.806255641895632e-18
scaling-n100-b1,adult-large,lookup_global,2,100,1,64,0.0004501231014728546,0.0004355211276561022,0.3806737998626986,14848,6.938893903907228e-18
scaling-n100-b1,adult-large,lookup_shared,2,100,1,64,0.00046929088421165943,0.0004571529570966959,0.43974620268276976,14848,8.673617379884035e-18
scaling-n100-b1,adult-large,lookup_constant,2,100,1,64,0.00044900085777044296,0.00043849507346749306,0.5693991564813378,14848,6.938893903907228e-18
scaling-n100-b1,adult-large,incremental,2,100,1,64,0.000685450155287981,0.0006713180337101221,0.02548126163544398,14848,7.806255641895632e-18
scaling-n100-b1,adult-large,cache_background,2,100,1,64,0.0005972660146653652,0.0005656278226524591,0.36110495771431156,30208,8.673617379884035e-18
scaling-n100-b1,adult-large,cache_foreground,2,100,1,64,0.000593078788369894,0.0005633740220218897,0.2553290999371946,75776,6.938893903907228e-18
scaling-n100-b1,adult-large,cache_both,2,100,1,64,0.0005267888773232698,0.0004874288570135832,0.3188872356757549,91136,6.938893903907228e-18
scaling-n100-b1,adult-large,threshold_bins,2,100,1,64,0.0020240000449121,0.0006308869924396276,1.3908938469470704,48128,6.938893903907228e-18
scaling-n100-b1,adult-large,quadrature_leaf,2,100,1,64,0.0017959438264369965,0.001787601038813591,1.6818939892988616,14848,2.0816681711721685e-17
scaling-n100-b1,adult-large,quadrature_subtree,2,100,1,64,0.0002857339568436146,0.00027630897238850594,0.5772921317159424,14848,1.3877787807814457e-17
scaling-n100-b1,adult-large,local_reduce,2,100,1,64,0.0006065599154680967,0.0005951719358563423,0.5705811655590817,14848,2.0816681711721685e-17
scaling-n100-b1,adult-large,lookup_reduce,2,100,1,64,0.0004290509968996048,0.00041644112206995487,0.34642127166063275,14848,2.0816681711721685e-17
scaling-n100-b1,adult-large,lookup_cache_reduce,2,100,1,64,0.0003183020744472742,0.0002804549876600504,0.6795835135671445,91136,2.0816681711721685e-17
scaling-n100-b1,adult-large,pattern_background,2,100,1,64,0.005886737955734134,0.0001763179898262024,0.09254377994877336,27745280,1.3877787807814457e-17
scaling-n100-b1,adult-large,pattern_foreground,2,100,1,64,0.007255973992869258,0.0002180009614676237,0.2717800987307662,29262848,2.0816681711721685e-17
scaling-n100-b1,adult-large,pattern_sparse,2,100,1,64,0.007323337020352483,0.00021716882474720478,3.7648423117272833,29263360,2.0816681711721685e-17
scaling-n100-b1,adult-large,pattern_dense,2,100,1,64,0.006672400049865246,0.0001849699765443802,0.2816119694352667,93580800,2.7755575615628914e-17
scaling-n100-b1,adult-large,pattern_adaptive,2,100,1,64,0.0006385489832609892,0.0006271309684962034,0.34608534115177264,14848,7.806255641895632e-18
scaling-n100-b10,fashion_mnist-small,original,20,100,10,64,0.0001271129585802555,6.692181341350079e-05,5.8655160399132935,6280192,1.3877787807814457e-17
scaling-n100-b10,fashion_mnist-small,control,20,100,10,64,0.00013680709525942802,6.413692608475685e-05,2.1837338244910343,6282240,4.163336342344337e-17
scaling-n100-b10,fashion_mnist-small,lookup_global,20,100,10,64,0.0001298470888286829,5.5473996326327324e-05,5.292454482778394,6282240,4.163336342344337e-17
scaling-n100-b10,fashion_mnist-small,lookup_shared,20,100,10,64,0.0001280750147998333,5.569402128458023e-05,1.930744181565362,6282240,4.163336342344337e-17
scaling-n100-b10,fashion_mnist-small,lookup_constant,20,100,10,64,0.00013666809536516666,5.627586506307125e-05,5.62067179653453,6282240,4.163336342344337e-17
scaling-n100-b10,fashion_mnist-small,incremental,20,100,10,64,0.00014294707216322422,7.031694985926151e-05,2.8363309883943284,6282240,1.3877787807814457e-17
scaling-n100-b10,fashion_mnist-small,cache_background,20,100,10,64,0.00017959298565983772,6.067194044589996e-05,1.4829778139027243,6283776,4.163336342344337e-17
scaling-n100-b10,fashion_mnist-small,cache_foreground,20,100,10,64,0.00017776014283299446,6.093294359743595e-05,3.089081722665352,6287360,2.7755575615628914e-17
scaling-n100-b10,fashion_mnist-small,cache_both,20,100,10,64,0.00018151500262320042,5.911989137530327e-05,3.3135620579401635,6288896,1.3877787807814457e-17
scaling-n100-b10,fashion_mnist-small,threshold_bins,20,100,10,64,0.06634723884053528,6.136298179626465e-05,0.5582532914068639,7011328,1.3877787807814457e-17
scaling-n100-b10,fashion_mnist-small,quadrature_leaf,20,100,10,64,0.00014842511154711246,7.24100973457098e-05,0.47927668637237886,6282240,4.163336342344337e-17
scaling-n100-b10,fashion_mnist-small,quadrature_subtree,20,100,10,64,0.00013537611812353134,6.741192191839218e-05,1.44000789069503,6282240,1.6653345369377348e-16
scaling-n100-b10,fashion_mnist-small,local_reduce,20,100,10,64,0.00013807998038828373,6.341701373457909e-05,0.47642174839059354,6282240,1.6653345369377348e-16
scaling-n100-b10,fashion_mnist-small,lookup_reduce,20,100,10,64,0.00012819492258131504,5.600485019385815e-05,2.18498382616884,6282240,1.6653345369377348e-16
scaling-n100-b10,fashion_mnist-small,lookup_cache_reduce,20,100,10,64,0.00017513497732579708,5.05358912050724e-05,0.7470711240343815,6288896,1.6653345369377348e-16
scaling-n100-b10,fashion_mnist-small,pattern_background,20,100,10,64,0.0011189670767635107,5.21091278642416e-05,0.3110822902147335,6947840,1.6653345369377348e-16
scaling-n100-b10,fashion_mnist-small,pattern_foreground,20,100,10,64,0.001203636173158884,4.966510459780693e-05,0.9454725709551475,7084032,1.6653345369377348e-16
scaling-n100-b10,fashion_mnist-small,pattern_sparse,20,100,10,64,0.0012214418966323137,5.097687244415283e-05,2.875943218455368,7086080,1.6653345369377348e-16
scaling-n100-b10,fashion_mnist-small,pattern_dense,20,100,10,64,0.0008832600433379412,5.3691910579800606e-05,0.4798021777121049,6470144,1.5959455978986625e-16
scaling-n100-b10,fashion_mnist-small,pattern_adaptive,20,100,10,64,0.0015525240451097488,5.1107024773955345e-05,0.5077959111575859,6632960,1.5265566588595902e-16
scaling-n100-b10,fashion_mnist-large,original,20,100,10,64,0.0035424029920250177,0.0034805778414011,0.04864084841153407,6280192,2.0816681711721685e-17
scaling-n100-b10,fashion_mnist-large,control,20,100,10,64,0.003921226132661104,0.0038540540263056755,0.16233404386192238,6282752,2.0816681711721685e-17
scaling-n100-b10,fashion_mnist-large,lookup_global,20,100,10,64,0.0022476890590041876,0.0021646730601787567,0.3058772770481689,6282752,2.0816681711721685e-17
scaling-n100-b10,fashion_mnist-large,lookup_shared,20,100,10,64,0.002383815124630928,0.0022917650640010834,0.45657125070529464,6282752,2.0816681711721685e-17
scaling-n100-b10,fashion_mnist-large,lookup_constant,20,100,10,64,0.0022398571018129587,0.002160005969926715,0.12376738804039904,6282752,1.734723475976807e-17
scaling-n100-b10,fashion_mnist-large,incremental,20,100,10,64,0.0035847758408635855,0.003495059907436371,0.12692677899820445,6282752,2.0816681711721685e-17
scaling-n100-b10,fashion_mnist-large,cache_background,20,100,10,64,0.0038278349675238132,0.003717907937243581,0.06772285334134032,6371840,1.734723475976807e-17
scaling-n100-b10,fashion_mnist-large,cache_foreground,20,100,10,64,0.003808886045590043,0.003693802049383521,0.09129076132078798,6638592,1.3877787807814457e-17
scaling-n100-b10,fashion_mnist-large,cache_both,20,100,10,64,0.0036764349788427353,0.0035537800285965204,0.13418377252553618,6727680,2.0816681711721685e-17
scaling-n100-b10,fashion_mnist-large,threshold_bins,20,100,10,64,0.08305793814361095,0.0037910789251327515,0.3766651546965677,7448064,2.0816681711721685e-17
scaling-n100-b10,fashion_mnist-large,quadrature_leaf,20,100,10,64,0.009979353053495288,0.00990629312582314,0.05063583644343678,6282752,4.683753385137379e-17
scaling-n100-b10,fashion_mnist-large,quadrature_subtree,20,100,10,64,0.0016984350513666868,0.0016291309148073196,0.516987987112268,6282752,1.0061396160665481e-16
scaling-n100-b10,fashion_mnist-large,local_reduce,20,100,10,64,0.003574770875275135,0.00349196488969028,0.21685819123480907,6282752,8.326672684688674e-17
scaling-n100-b10,fashion_mnist-large,lookup_reduce,20,100,10,64,0.0020127128809690475,0.001949345925822854,0.39421068776874935,6282752,8.326672684688674e-17
scaling-n100-b10,fashion_mnist-large,lookup_cache_reduce,20,100,10,64,0.0017754319123923779,0.001649982063099742,0.27441454168743856,6727680,8.326672684688674e-17
scaling-n100-b10,fashion_mnist-large,pattern_background,20,100,10,64,0.03558600717224181,0.001605855068191886,0.7448864797373144,169124864,9.020562075079397e-17
scaling-n100-b10,fashion_mnist-large,pattern_foreground,20,100,10,64,0.03942456701770425,0.001533525064587593,0.2618830477497406,178036736,8.673617379884035e-17
scaling-n100-b10,fashion_mnist-large,pattern_sparse,20,100,10,64,0.04071351303718984,0.0015366810839623213,0.29350218467786326,178038272,8.673617379884035e-17
scaling-n100-b10,fashion_mnist-large,pattern_dense,20,100,10,64,0.351987182861194,,0.02225268936281124,283554816,8.500145032286355e-17
scaling-n100-b10,fashion_mnist-large,pattern_adaptive,20,100,10,64,0.06430692202411592,0.0015545471105724573,0.2813483033345711,178038272,8.847089727481716e-17
scaling-n100-b10,cal_housing-large,original,2,100,10,64,0.0004120750818401575,0.000406887149438262,0.21416600876746805,7680,2.7755575615628914e-17
scaling-n100-b10,cal_housing-large,control,2,100,10,64,0.0004448841791599989,0.0004334179684519768,0.32783206787670677,10240,1.734723475976807e-17
scaling-n100-b10,cal_housing-large,lookup_global,2,100,10,64,0.0002982530277222395,0.00028545293025672436,0.15931252926497186,10240,1.734723475976807e-17
scaling-n100-b10,cal_housing-large,lookup_shared,2,100,10,64,0.00031373510137200356,0.0003001750446856022,0.6370091740157691,10240,2.0816681711721685e-17
scaling-n100-b10,cal_housing-large,lookup_constant,2,100,10,64,0.000296910060569644,0.00028577307239174843,0.5803799619782141,10240,1.734723475976807e-17
scaling-n100-b10,cal_housing-large,incremental,2,100,10,64,0.0005000580567866564,0.00048496597446501255,1.8957315551478109,10240,1.3877787807814457e-17
scaling-n100-b10,cal_housing-large,cache_background,2,100,10,64,0.0004559420049190521,0.0004228111356496811,0.8522528359021458,35328,2.0816681711721685e-17
scaling-n100-b10,cal_housing-large,cache_foreground,2,100,10,64,0.0004522560629993677,0.00042441394180059433,0.9850955820145121,109568,1.9081958235744878e-17
scaling-n100-b10,cal_housing-large,cache_both,2,100,10,64,0.0004402769263833761,0.00040555489249527454,0.4466664055732686,134656,2.0816681711721685e-17
scaling-n100-b10,cal_housing-large,threshold_bins,2,100,10,64,0.0013316301628947258,0.0004137069918215275,0.7994688472337116,54272,2.0816681711721685e-17
scaling-n100-b10,cal_housing-large,quadrature_leaf,2,100,10,64,0.0013717000838369131,0.0013623661361634731,0.06481296588746756,10240,2.7755575615628914e-17
scaling-n100-b10,cal_housing-large,quadrature_subtree,2,100,10,64,0.000221586087718606,0.0002097180113196373,0.7011257270779476,10240,4.85722573273506e-17
scaling-n100-b10,cal_housing-large,local_reduce,2,100,10,64,0.0004219198599457741,0.00041114306077361107,0.3950457480092464,10240,5.551115123125783e-17
scaling-n100-b10,cal_housing-large,lookup_reduce,2,100,10,64,0.00028738495893776417,0.00027432595379650593,0.6093974956865094,10240,5.551115123125783e-17
scaling-n100-b10,cal_housing-large,lookup_cache_reduce,2,100,10,64,0.0002847621217370033,0.00025035906583070755,0.22477343344147666,134656,5.551115123125783e-17
scaling-n100-b10,cal_housing-large,pattern_background,2,100,10,64,0.009112249128520489,0.0002484070137143135,0.6807577818418602,45268480,6.245004513516506e-17
scaling-n100-b10,cal_housing-large,pattern_foreground,2,100,10,64,0.010081257903948426,0.0002486368175595999,1.5144154683072415,47760384,6.245004513516506e-17
scaling-n100-b10,cal_housing-large,pattern_sparse,2,100,10,64,0.010519692907109857,0.0002561279106885195,4.806254314483198,47764992,6.245004513516506e-17
scaling-n100-b10,cal_housing-large,pattern_dense,2,100,10,64,0.008296190993860364,0.0002540049608796835,4.919256737297693,19424256,6.591949208711867e-17
scaling-n100-b10,cal_housing-large,pattern_adaptive,2,100,10,64,0.016970735043287277,0.0002515909727662802,0.17472786957626565,47764992,6.245004513516506e-17
scaling-n100-b10,adult-large,original,2,100,10,64,0.000720613170415163,0.0007111288141459227,0.14530743012640693,12288,8.673617379884035e-18
scaling-n100-b10,adult-large,control,2,100,10,64,0.0007553361356258392,0.0007441281341016293,0.13772027224757866,14848,9.974659986866641e-18
scaling-n100-b10,adult-large,lookup_global,2,100,10,64,0.0005176749546080828,0.0005050059407949448,0.5489307421621334,14848,1.3877787807814457e-17
scaling-n100-b10,adult-large,lookup_shared,2,100,10,64,0.0005420618690550327,0.0005292219575494528,0.6756350404165972,14848,1.3877787807814457e-17
scaling-n100-b10,adult-large,lookup_constant,2,100,10,64,0.0005180658772587776,0.0005009800661355257,0.2576811313294157,14848,1.3877787807814457e-17
scaling-n100-b10,adult-large,incremental,2,100,10,64,0.0007893971633166075,0.0007769479416310787,0.26998837654784014,14848,1.0408340855860843e-17
scaling-n100-b10,adult-large,cache_background,2,100,10,64,0.0007068722043186426,0.000679519958794117,0.5489597118077713,30208,1.3877787807814457e-17
scaling-n100-b10,adult-large,cache_foreground,2,100,10,64,0.0007163770496845245,0.0006882839370518923,0.221947505963122,75776,1.3877787807814457e-17
scaling-n100-b10,adult-large,cache_both,2,100,10,64,0.0006404409650713205,0.0006030239164829254,0.4834446111471016,91136,1.3877787807814457e-17
scaling-n100-b10,adult-large,threshold_bins,2,100,10,64,0.002162319142371416,0.0007436270825564861,0.4835131885347062,48640,1.3444106938820255e-17
scaling-n100-b10,adult-large,quadrature_leaf,2,100,10,64,0.002076369011774659,0.0020605139434337616,0.09390953256059789,14848,3.2959746043559335e-17
scaling-n100-b10,adult-large,quadrature_subtree,2,100,10,64,0.00032117683440446854,0.0003082980401813984,0.44220021949931637,14848,9.71445146547012e-17
scaling-n100-b10,adult-large,local_reduce,2,100,10,64,0.0007093250751495361,0.0006951338145881891,0.5435452036097683,14848,7.632783294297951e-17
scaling-n100-b10,adult-large,lookup_reduce,2,100,10,64,0.00048807007260620594,0.00047534098848700523,0.15977374530249056,14848,8.326672684688674e-17
scaling-n100-b10,adult-large,lookup_cache_reduce,2,100,10,64,0.00037749181501567364,0.0003412170335650444,0.09577987951454289,91136,7.632783294297951e-17
scaling-n100-b10,adult-large,pattern_background,2,100,10,64,0.006678867852315307,0.00017981301061809063,4.956799396592497,27745280,6.938893903907228e-17
scaling-n100-b10,adult-large,pattern_foreground,2,100,10,64,0.00751839205622673,0.0002013961784541607,4.257212846590352,29262848,6.938893903907228e-17
scaling-n100-b10,adult-large,pattern_sparse,2,100,10,64,0.007677453104406595,0.00022435002028942108,4.0504856576409205,29263360,6.938893903907228e-17
scaling-n100-b10,adult-large,pattern_dense,2,100,10,64,0.006811479106545448,0.00018644309602677822,1.7721987124922982,93580800,6.938893903907228e-17
scaling-n100-b10,adult-large,pattern_adaptive,2,100,10,64,0.012178537901490927,0.00022114510647952557,0.17808711953860482,29263360,6.938893903907228e-17
scaling-n100-b100,fashion_mnist-small,original,20,100,100,64,0.00021464494056999683,0.00015449407510459423,4.095573903806146,6280192,2.0816681711721685e-16
scaling-n100-b100,fashion_mnist-small,control,20,100,100,64,0.00022132601588964462,0.0001464418601244688,0.5798854452960408,6282240,1.8735013540549517e-16
scaling-n100-b100,fashion_mnist-small,lookup_global,20,100,100,64,0.0001734429970383644,9.666592814028263e-05,1.1604108385302916,6282240,3.469446951953614e-16
scaling-n100-b100,fashion_mnist-small,lookup_shared,20,100,100,64,0.0001744949258863926,9.65469516813755e-05,0.5709118321302081,6282240,3.2612801348363973e-16
scaling-n100-b100,fashion_mnist-small,lookup_constant,20,100,100,64,0.00017517595551908016,9.653600864112377e-05,0.16136101343635137,6282240,3.8510861166685117e-16
scaling-n100-b100,fashion_mnist-small,incremental,20,100,100,64,0.00026499200612306595,0.00018483982421457767,0.775719934094088,6282240,3.8163916471489756e-16
scaling-n100-b100,fashion_mnist-small,cache_background,20,100,100,64,0.00025815097615122795,0.00013695703819394112,0.38187914388730665,6287360,2.5673907444456745e-16
scaling-n100-b100,fashion_mnist-small,cache_foreground,20,100,100,64,0.00025503593496978283,0.00013905996456742287,0.4279190107707533,6287360,2.220446049250313e-16
scaling-n100-b100,fashion_mnist-small,cache_both,20,100,100,64,0.00025572790764272213,0.0001305178739130497,0.7153641156755227,6292480,2.5673907444456745e-16
scaling-n100-b100,fashion_mnist-small,threshold_bins,20,100,100,64,0.06504599703475833,0.00013426411896944046,0.4067407852082553,7576576,2.636779683484747e-16
scaling-n100-b100,fashion_mnist-small,quadrature_leaf,20,100,100,64,0.0002717918250709772,0.0001948559656739235,0.7374798768734903,6282240,3.0531133177191805e-16
scaling-n100-b100,fashion_mnist-small,quadrature_subtree,20,100,100,64,0.0002660939935594797,0.00018395902588963509,3.101342757972602,6282240,8.465450562766819e-16
scaling-n100-b100,fashion_mnist-small,local_reduce,20,100,100,64,0.00021829106844961643,0.00014242599718272686,5.9781743566070915,6282240,8.049116928532385e-16
scaling-n100-b100,fashion_mnist-small,lookup_reduce,20,100,100,64,0.00016862503252923489,9.190896525979042e-05,0.664030525584867,6282240,8.326672684688674e-16
scaling-n100-b100,fashion_mnist-small,lookup_cache_reduce,20,100,100,64,0.00020332913845777512,7.699709385633469e-05,1.1706800129162849,6292480,8.257283745649602e-16
scaling-n100-b100,fashion_mnist-small,pattern_background,20,100,100,64,0.0011380750220268965,5.2199000492691994e-05,0.11193358234477137,6991360,9.645062526431047e-16
scaling-n100-b100,fashion_mnist-small,pattern_foreground,20,100,100,64,0.0013854210264980793,5.06469514220953e-05,0.6420889438630935,7110144,9.506284648352903e-16
scaling-n100-b100,fashion_mnist-small,pattern_sparse,20,100,100,64,0.0012416131794452667,5.0797127187252045e-05,0.5511766325276655,7129600,9.575673587391975e-16
scaling-n100-b100,fashion_mnist-small,pattern_dense,20,100,100,64,0.0008783419616520405,5.162786692380905e-05,0.5645826032065738,6490112,9.575673587391975e-16
scaling-n100-b100,fashion_mnist-small,pattern_adaptive,20,100,100,64,0.0015861049760133028,5.087698809802532e-05,0.872840587558795,6756352,9.506284648352903e-16
scaling-n100-b100,fashion_mnist-large,original,20,100,100,64,0.008159433025866747,0.008108846144750714,0.4673917052877975,6280192,6.591949208711867e-17
scaling-n100-b100,fashion_mnist-large,control,20,100,100,64,0.009420364163815975,0.009346473030745983,0.010609774891732659,6282752,1.5439038936193583e-16
scaling-n100-b100,fashion_mnist-large,lookup_global,20,100,100,64,0.004322363995015621,0.004248062148690224,0.41503793651668025,6282752,3.5214886562329184e-16
scaling-n100-b100,fashion_mnist-large,lookup_shared,20,100,100,64,0.004550579935312271,0.004465050995349884,0.6744496723998235,6282752,3.920475055707584e-16
scaling-n100-b100,fashion_mnist-large,lookup_constant,20,100,100,64,0.004357798025012016,0.004233059007674456,0.2536704606475847,6282752,3.1051550219984847e-16
scaling-n100-b100,fashion_mnist-large,incremental,20,100,100,64,0.008766834158450365,0.008692009840160608,0.08410243471642248,6282752,3.642919299551295e-16
scaling-n100-b100,fashion_mnist-large,cache_background,20,100,100,64,0.009085386991500854,0.00898047792725265,0.07109976286401276,6638592,1.960237527853792e-16
scaling-n100-b100,fashion_mnist-large,cache_foreground,20,100,100,64,0.009152369108051062,0.00906526600010693,0.1345083560219838,6638592,1.6306400674181987e-16
scaling-n100-b100,fashion_mnist-large,cache_both,20,100,100,64,0.008826705161482096,0.008704198990017176,0.15965432937773055,6994432,1.960237527853792e-16
scaling-n100-b100,fashion_mnist-large,threshold_bins,20,100,100,64,0.08778798207640648,0.008888999000191689,0.41322506007242726,8013312,1.5265566588595902e-16
scaling-n100-b100,fashion_mnist-large,quadrature_leaf,20,100,100,64,0.028074380941689014,0.0280066579580307,0.02286668715315,6282752,7.303185833862358e-16
scaling-n100-b100,fashion_mnist-large,quadrature_subtree,20,100,100,64,0.006354866083711386,0.00619123806245625,2.039674792544693,6282752,1.1345091532888318e-15
scaling-n100-b100,fashion_mnist-large,local_reduce,20,100,100,64,0.008379896869882941,0.008335208985954523,0.378413671234202,6282752,1.1622647289044608e-15
scaling-n100-b100,fashion_mnist-large,lookup_reduce,20,100,100,64,0.0037470818497240543,0.0036700060591101646,0.6036286530695016,6282752,1.1726730697603216e-15
scaling-n100-b100,fashion_mnist-large,lookup_cache_reduce,20,100,100,64,0.0032748449593782425,0.00313004688359797,0.3234100735543093,6994432,1.169203622808368e-15
scaling-n100-b100,fashion_mnist-large,pattern_background,20,100,100,64,0.049755789106711745,0.0016153499018400908,0.010971144224393057,169153024,1.1830814106161824e-15
scaling-n100-b100,fashion_mnist-large,pattern_foreground,20,100,100,64,0.07136065210215747,0.0015728650614619255,0.14179702080385406,178053632,1.1900203045200897e-15
scaling-n100-b100,fashion_mnist-large,pattern_sparse,20,100,100,64,0.056846183026209474,0.0015675369650125504,0.10043373275369527,178066432,1.1900203045200897e-15
scaling-n100-b100,fashion_mnist-large,pattern_dense,20,100,100,64,0.3522232919931412,,0.01501453705703676,283600896,1.1934897514720433e-15
scaling-n100-b100,fashion_mnist-large,pattern_adaptive,20,100,100,64,0.08042406383901834,0.0015652640722692013,0.06648337407833521,177749504,1.1934897514720433e-15
scaling-n100-b100,cal_housing-large,original,2,100,100,64,0.0005001090466976166,0.0004904540255665779,0.3709729022809784,7680,1.1102230246251565e-16
scaling-n100-b100,cal_housing-large,control,2,100,100,64,0.0005403701215982437,0.0005251769907772541,0.24775824879044916,10240,1.1102230246251565e-16
scaling-n100-b100,cal_housing-large,lookup_global,2,100,100,64,0.0003610481508076191,0.00034700590185821056,1.0352534155190523,10240,1.1102230246251565e-16
scaling-n100-b100,cal_housing-large,lookup_shared,2,100,100,64,0.0003697110805660486,0.00035657105036079884,0.2970457877863515,10240,1.1102230246251565e-16
scaling-n100-b100,cal_housing-large,lookup_constant,2,100,100,64,0.00035812309943139553,0.000347185879945755,0.45423190660207285,10240,7.45931094670027e-17
scaling-n100-b100,cal_housing-large,incremental,2,100,100,64,0.0005790181457996368,0.0005683209747076035,0.09779320113632897,10240,1.1796119636642288e-16
scaling-n100-b100,cal_housing-large,cache_background,2,100,100,64,0.0005525581073015928,0.0005259769968688488,0.5568113728941244,109568,1.1102230246251565e-16
scaling-n100-b100,cal_housing-large,cache_foreground,2,100,100,64,0.0005411810707300901,0.0005111051723361015,0.21643237401854148,109568,1.6653345369377348e-16
scaling-n100-b100,cal_housing-large,cache_both,2,100,100,64,0.0005254959687590599,0.0004886509850621223,0.6579666364311869,208896,1.249000902703301e-16
scaling-n100-b100,cal_housing-large,threshold_bins,2,100,100,64,0.0013968280982226133,0.0005056469235569239,1.4737527703116102,60928,1.6653345369377348e-16
scaling-n100-b100,cal_housing-large,quadrature_leaf,2,100,100,64,0.0016003069467842579,0.0015880779828876257,0.22547834996602667,10240,1.1102230246251565e-16
scaling-n100-b100,cal_housing-large,quadrature_subtree,2,100,100,64,0.00047888606786727905,0.0004679600242525339,0.3372683814912987,10240,3.3306690738754696e-16
scaling-n100-b100,cal_housing-large,local_reduce,2,100,100,64,0.0005072387866675854,0.000496832886710763,0.3152369210329976,10240,3.3306690738754696e-16
scaling-n100-b100,cal_housing-large,lookup_reduce,2,100,100,64,0.00034140818752348423,0.0003309908788651228,0.35942798382972135,10240,3.3306690738754696e-16
scaling-n100-b100,cal_housing-large,lookup_cache_reduce,2,100,100,64,0.000331072136759758,0.0002948369365185499,0.5416183071018309,208896,3.400058012914542e-16
scaling-n100-b100,cal_housing-large,pattern_background,2,100,100,64,0.009756844025105238,0.00023959297686815262,0.2991656967300351,45366784,3.5388358909926865e-16
scaling-n100-b100,cal_housing-large,pattern_foreground,2,100,100,64,0.013260386884212494,0.00025969301350414753,0.14122433515694607,47819264,3.8163916471489756e-16
scaling-n100-b100,cal_housing-large,pattern_sparse,2,100,100,64,0.011220213025808334,0.0002631398383527994,4.358258123154462,47863296,3.5388358909926865e-16
scaling-n100-b100,cal_housing-large,pattern_dense,2,100,100,64,0.008199403062462807,0.00025034998543560505,0.3771096080577238,19463680,3.469446951953614e-16
scaling-n100-b100,cal_housing-large,pattern_adaptive,2,100,100,64,0.016397513914853334,0.0002608161885291338,0.16589847111876652,22986240,3.400058012914542e-16
scaling-n100-b100,adult-large,original,2,100,100,64,0.0008342950604856014,0.000820955028757453,0.34996917423935564,12288,1.9081958235744878e-17
scaling-n100-b100,adult-large,control,2,100,100,64,0.0008858330547809601,0.0008724129293113947,0.06523657924920993,14848,2.7755575615628914e-17
scaling-n100-b100,adult-large,lookup_global,2,100,100,64,0.0005928089376538992,0.0005807210691273212,0.22926380147037584,14848,3.122502256758253e-17
scaling-n100-b100,adult-large,lookup_shared,2,100,100,64,0.0006137208547443151,0.0005987579934298992,0.1272606849076183,14848,4.163336342344337e-17
scaling-n100-b100,adult-large,lookup_constant,2,100,100,64,0.0005878908559679985,0.0005794090684503317,0.270155208445869,14848,3.469446951953614e-17
scaling-n100-b100,adult-large,incremental,2,100,100,64,0.0009297400247305632,0.0009162398055195808,0.07393127099780532,14848,3.9898639947466563e-17
scaling-n100-b100,adult-large,cache_background,2,100,100,64,0.0008357679471373558,0.0008101379498839378,0.21493552894486334,75776,5.551115123125783e-17
scaling-n100-b100,adult-large,cache_foreground,2,100,100,64,0.0008374899625778198,0.0008075640071183443,0.2377884822204831,75776,3.469446951953614e-17
scaling-n100-b100,adult-large,cache_both,2,100,100,64,0.0007563859689980745,0.0007187190931290388,0.37904876070771426,136704,6.245004513516506e-17
scaling-n100-b100,adult-large,threshold_bins,2,100,100,64,0.002287979004904628,0.0008780111093074083,0.6168435748829278,59392,5.724587470723463e-17
scaling-n100-b100,adult-large,quadrature_leaf,2,100,100,64,0.002422262914478779,0.0024114169646054506,0.08712656760421562,14848,4.163336342344337e-17
scaling-n100-b100,adult-large,quadrature_subtree,2,100,100,64,0.0005719680339097977,0.000556363957002759,0.2751007563125022,14848,4.0939474033052647e-16
scaling-n100-b100,adult-large,local_reduce,2,100,100,64,0.000823447946459055,0.0008146450854837894,0.1412976427640836,14848,3.95516952522712e-16
scaling-n100-b100,adult-large,lookup_reduce,2,100,100,64,0.0005536200478672981,0.0005498840473592281,0.19364982371064585,14848,4.0245584642661925e-16
scaling-n100-b100,adult-large,lookup_cache_reduce,2,100,100,64,0.0004305930342525244,0.00039030215702950954,0.5609291135844958,136704,4.0245584642661925e-16
scaling-n100-b100,adult-large,pattern_background,2,100,100,64,0.007378348149359226,0.00018273713067173958,0.41976301304064423,27750400,3.95516952522712e-16
scaling-n100-b100,adult-large,pattern_foreground,2,100,100,64,0.011024115839973092,0.00022862711921334267,0.13886462338310962,29265920,4.0245584642661925e-16
scaling-n100-b100,adult-large,pattern_sparse,2,100,100,64,0.008701293962076306,0.00022647390142083168,6.265041204500689,29268480,3.95516952522712e-16
scaling-n100-b100,adult-large,pattern_dense,2,100,100,64,0.0066924081183969975,0.00018410896882414818,1.640214702503226,93582848,4.0939474033052647e-16
scaling-n100-b100,adult-large,pattern_adaptive,2,100,100,64,0.013257062062621117,0.0002279849722981453,0.9044898670799534,29070336,4.0245584642661925e-16
scaling-n100-b1000,fashion_mnist-small,original,20,100,1000,64,0.0010489709675312042,0.0009922438766807318,0.5360296026955496,6280192,9.992007221626409e-16
scaling-n100-b1000,fashion_mnist-small,control,20,100,1000,64,0.0009933968540281057,0.0009164200164377689,0.2963199582252102,6282240,2.060851489460447e-15
scaling-n100-b1000,fashion_mnist-small,lookup_global,20,100,1000,64,0.0005815320182591677,0.0005086208693683147,0.4040961378809119,6282240,2.7269853042355408e-15
scaling-n100-b1000,fashion_mnist-small,lookup_shared,20,100,1000,64,0.0005811809096485376,0.0005095829255878925,0.19672378546017943,6282240,2.275957200481571e-15
scaling-n100-b1000,fashion_mnist-small,lookup_constant,20,100,1000,64,0.0005846470594406128,0.0005146898329257965,0.8132437021093303,6282240,2.366162821232365e-15
scaling-n100-b1000,fashion_mnist-small,incremental,20,100,1000,64,0.0013001221232116222,0.0012252680025994778,0.481512934304668,6282240,1.1379786002407855e-15
scaling-n100-b1000,fashion_mnist-small,cache_background,20,100,1000,64,0.0009760800749063492,0.000852842815220356,0.9462271569528178,6320640,3.0080105073437835e-15
scaling-n100-b1000,fashion_mnist-small,cache_foreground,20,100,1000,64,0.0009615479502826929,0.0008594030514359474,1.0886100313707592,6287360,2.5222879340702775e-15
scaling-n100-b1000,fashion_mnist-small,cache_both,20,100,1000,64,0.0009117720182985067,0.0007868928369134665,0.4966212335875251,6325760,2.1094237467877974e-15
scaling-n100-b1000,fashion_mnist-small,threshold_bins,20,100,1000,64,0.0686590860132128,0.000789267010986805,0.15701186344437393,13236224,2.7547408798511697e-15
scaling-n100-b1000,fashion_mnist-small,quadrature_leaf,20,100,1000,64,0.0013906690292060375,0.0013190400786697865,0.5951420492072275,6282240,1.56472057533108e-15
scaling-n100-b1000,fashion_mnist-small,quadrature_subtree,20,100,1000,64,0.0013172170147299767,0.001248643035069108,0.2795550614135336,6282240,7.119305145408816e-15
scaling-n100-b1000,fashion_mnist-small,local_reduce,20,100,1000,64,0.0009463150054216385,0.0008772611618041992,0.3029692537065041,6282240,7.216449660063518e-15
scaling-n100-b1000,fashion_mnist-small,lookup_reduce,20,100,1000,64,0.0005430630408227444,0.0004736180417239666,0.20299799756766404,6282240,7.13318293321663e-15
scaling-n100-b1000,fashion_mnist-small,lookup_cache_reduce,20,100,1000,64,0.0004685909952968359,0.0003442917950451374,1.5115927780453418,6325760,7.202571872255703e-15
scaling-n100-b1000,fashion_mnist-small,pattern_background,20,100,1000,64,0.0013244480360299349,5.046604201197624e-05,1.0605117947907814,9197568,5.856426454897701e-15
scaling-n100-b1000,fashion_mnist-small,pattern_foreground,20,100,1000,64,0.006272871047258377,5.201902240514755e-05,0.15217146375353563,7745024,6.078471059822732e-15
scaling-n100-b1000,fashion_mnist-small,pattern_sparse,20,100,1000,64,0.0014650209341198206,5.107792094349861e-05,0.8212884506597877,9332224,5.856426454897701e-15
scaling-n100-b1000,fashion_mnist-small,pattern_dense,20,100,1000,64,0.000870459945872426,5.136709660291672e-05,0.9264677212809581,6950912,5.9119376061289586e-15
scaling-n100-b1000,fashion_mnist-small,pattern_adaptive,20,100,1000,64,0.0019504770170897245,5.2039045840501785e-05,0.7105904278133194,9060352,5.9119376061289586e-15
scaling-n100-b1000,fashion_mnist-large,original,20,100,1000,64,0.04389189789071679,0.044112471863627434,2.82455715762057,6280192,7.73686670285656e-16
scaling-n100-b1000,fashion_mnist-large,control,20,100,1000,64,0.05367290019057691,0.05204104306176305,2.7980787186218046,6282752,1.186550857568136e-15
scaling-n100-b1000,fashion_mnist-large,lookup_global,20,100,1000,64,0.02224258496426046,0.022055079927667975,0.8735807983033398,6282752,1.0718422677191697e-15
scaling-n100-b1000,fashion_mnist-large,lookup_shared,20,100,1000,64,0.022582320030778646,0.023002204950898886,1.4560106993184982,6282752,1.6349768761081407e-15
scaling-n100-b1000,fashion_mnist-large,lookup_constant,20,100,1000,64,0.022251585964113474,0.022212930023670197,1.1807288277106163,6282752,9.762156361059482e-16
scaling-n100-b1000,fashion_mnist-large,incremental,20,100,1000,64,0.049562476109713316,0.04946728912182152,1.0810601579879404,6282752,2.3245294578089215e-15
scaling-n100-b1000,fashion_mnist-large,cache_background,20,100,1000,64,0.049905868945643306,0.04916943912394345,1.0742106491116117,9127936,7.598088824778415e-16
scaling-n100-b1000,fashion_mnist-large,cache_foreground,20,100,1000,64,0.04972353111952543,0.049871805123984814,0.5450467228470629,6638592,8.465450562766819e-16
scaling-n100-b1000,fashion_mnist-large,cache_both,20,100,1000,64,0.0474698250181973,0.04839297104626894,3.6219569051207054,9483776,8.25294693695966e-16
scaling-n100-b1000,fashion_mnist-large,threshold_bins,20,100,1000,64,0.1290101909544319,0.04868142097257078,2.0767748678418365,13672960,1.3918987490368906e-15
scaling-n100-b1000,fashion_mnist-large,quadrature_leaf,20,100,1000,64,0.17653221706859767,0.17776846210472286,1.6628635628528183,6282752,2.1701390684469857e-15
scaling-n100-b1000,fashion_mnist-large,quadrature_subtree,20,100,1000,64,0.05071686487644911,0.05057072197087109,0.05244644435576169,6282752,6.4080685202583254e-15
scaling-n100-b1000,fashion_mnist-large,local_reduce,20,100,1000,64,0.0457213141489774,0.045723937917500734,0.6224293790883975,6282752,6.5052130349130266e-15
scaling-n100-b1000,fashion_mnist-large,lookup_reduce,20,100,1000,64,0.01767492899671197,0.017215251922607422,1.444309314476336,6282752,6.50868248186498e-15
scaling-n100-b1000,fashion_mnist-large,lookup_cache_reduce,20,100,1000,64,0.013639220036566257,0.01348366285674274,1.3015481049316853,9483776,6.50868248186498e-15
scaling-n100-b1000,fashion_mnist-large,pattern_background,20,100,1000,64,0.16852275794371963,0.0016351889353245497,0.03653136092256212,169677312,6.46011022453763e-15
scaling-n100-b1000,fashion_mnist-large,pattern_foreground,20,100,1000,64,0.5100554411765188,0.0015790851321071386,0.034064708401385875,178226176,6.456640777585676e-15
scaling-n100-b1000,fashion_mnist-large,pattern_sparse,20,100,1000,64,0.1747194800991565,0.0015191130805760622,0.038564937834796593,178583552,6.4705185653934905e-15
scaling-n100-b1000,fashion_mnist-large,pattern_dense,20,100,1000,64,0.35238056909292936,,0.019621616032595133,284061696,6.46011022453763e-15
scaling-n100-b1000,fashion_mnist-large,pattern_adaptive,20,100,1000,64,0.21029142895713449,0.001695791957899928,0.18395946978509808,205460480,6.453171330633722e-15
scaling-n100-b1000,cal_housing-large,original,2,100,1000,64,0.0017431520391255617,0.0017400281503796577,0.13271150596913972,7680,1.214306433183765e-15
scaling-n100-b1000,cal_housing-large,control,2,100,1000,64,0.001993382116779685,0.001977396896108985,0.4034910551598685,10240,8.257283745649602e-16
scaling-n100-b1000,cal_housing-large,lookup_global,2,100,1000,64,0.0011825128458440304,0.0011981758289039135,8.285126877752521,10240,9.26342336171615e-16
scaling-n100-b1000,cal_housing-large,lookup_shared,2,100,1000,64,0.0012067588977515697,0.001201731851324439,8.809956408956486,10240,9.506284648352903e-16
scaling-n100-b1000,cal_housing-large,lookup_constant,2,100,1000,64,0.0010122950188815594,0.0009891199879348278,15.286463567256305,10240,7.476658181460039e-16
scaling-n100-b1000,cal_housing-large,incremental,2,100,1000,64,0.0023475491907447577,0.002335580997169018,0.06608397361534839,10240,3.694961003830599e-15
scaling-n100-b1000,cal_housing-large,cache_background,2,100,1000,64,0.0019127798732370138,0.0018733900506049395,0.17667611038000264,801280,8.72565908416334e-16
scaling-n100-b1000,cal_housing-large,cache_foreground,2,100,1000,64,0.001894721994176507,0.0018683020025491714,0.36421847350231706,109568,7.233796894823286e-16
scaling-n100-b1000,cal_housing-large,cache_both,2,100,1000,64,0.001820520032197237,0.001776623073965311,0.2632817693818213,900608,8.673617379884035e-16
scaling-n100-b1000,cal_housing-large,threshold_bins,2,100,1000,64,0.0026782508939504623,0.0017758030444383621,0.6368797000470346,133120,6.973588373426765e-16
scaling-n100-b1000,cal_housing-large,quadrature_leaf,2,100,1000,64,0.008022142108529806,0.008010363904759288,0.0035498987187165855,10240,2.8171909249863347e-15
scaling-n100-b1000,cal_housing-large,quadrature_subtree,2,100,1000,64,0.0033797540236264467,0.003391230944544077,0.3212949314200998,10240,3.4659775050016606e-15
scaling-n100-b1000,cal_housing-large,local_reduce,2,100,1000,64,0.0018118068110197783,0.0018008810002356768,0.03217944219823252,10240,3.4416913763379853e-15
scaling-n100-b1000,cal_housing-large,lookup_reduce,2,100,1000,64,0.0008383209351450205,0.0008243599440902472,0.5009350921774589,10240,3.406996906818449e-15
scaling-n100-b1000,cal_housing-large,lookup_cache_reduce,2,100,1000,64,0.000751490006223321,0.0007160149980336428,4.346001650521938,900608,3.4243441415782172e-15
scaling-n100-b1000,cal_housing-large,pattern_background,2,100,1000,64,0.016782594844698906,0.0002461529802531004,0.15030519717972818,46709760,3.4139358007223564e-15
scaling-n100-b1000,cal_housing-large,pattern_foreground,2,100,1000,64,0.08154038502834737,0.00028614397160708904,0.3534592701807353,48413696,3.566591466608315e-15
scaling-n100-b1000,cal_housing-large,pattern_sparse,2,100,1000,64,0.01921464200131595,0.000273154117166996,0.0894184880963959,49206272,3.4104663537704027e-15
scaling-n100-b1000,cal_housing-large,pattern_dense,2,100,1000,64,0.008201264077797532,0.0002522929571568966,0.4819349611740532,19859968,3.382710778154774e-15
scaling-n100-b1000,cal_housing-large,pattern_adaptive,2,100,1000,64,0.02283041295595467,0.00025703897699713707,1.8706752300770302,20674048,3.3861802251067274e-15
scaling-n100-b1000,adult-large,original,2,100,1000,64,0.0023493419867008924,0.0023325260262936354,0.1941654509744716,12288,2.8449465006019636e-16
scaling-n100-b1000,adult-large,control,2,100,1000,64,0.0025751441717147827,0.0025599307846277952,0.11102583348889686,14848,2.513722736907642e-16
scaling-n100-b1000,adult-large,lookup_global,2,100,1000,64,0.0012871918734163046,0.0012719491496682167,0.39798926272144364,14848,6.314393452555578e-16
scaling-n100-b1000,adult-large,lookup_shared,2,100,1000,64,0.0013088949490338564,0.0012925087939947844,0.4979746651914671,14848,7.563394355258879e-16
scaling-n100-b1000,adult-large,lookup_constant,2,100,1000,64,0.0012851990759372711,0.0012799708638340235,0.3883679559251277,14848,8.743006318923108e-16
scaling-n100-b1000,adult-large,incremental,2,100,1000,64,0.00294043798930943,0.0029249440412968397,0.13039923960752509,14848,1.4432899320127035e-15
scaling-n100-b1000,adult-large,cache_background,2,100,1000,64,0.0024466500617563725,0.0024015100207179785,0.3373605590598923,499200,4.85722573273506e-16
scaling-n100-b1000,adult-large,cache_foreground,2,100,1000,64,0.002421631943434477,0.002392126014456153,0.0498433116928617,75776,3.217912047936977e-16
scaling-n100-b1000,adult-large,cache_both,2,100,1000,64,0.002266746014356613,0.0022206760477274656,0.26245763867727884,560128,3.2612801348363973e-16
scaling-n100-b1000,adult-large,threshold_bins,2,100,1000,64,0.003865170059725642,0.00240415520966053,0.38362651075050425,175104,4.787836793695988e-16
scaling-n100-b1000,adult-large,quadrature_leaf,2,100,1000,64,0.009834819938987494,0.009825034998357296,0.005110863986872313,14848,1.1587952819525071e-15
scaling-n100-b1000,adult-large,quadrature_subtree,2,100,1000,64,0.0033943161834031343,0.0033610749524086714,0.4617160906564722,14848,6.293576770843856e-15
scaling-n100-b1000,adult-large,local_reduce,2,100,1000,64,0.002379829064011574,0.002366748871281743,0.3003008460617935,14848,6.5156213757688874e-15
scaling-n100-b1000,adult-large,lookup_reduce,2,100,1000,64,0.001130443997681141,0.0011206690687686205,0.49619908272014057,14848,6.571132527000145e-15
scaling-n100-b1000,adult-large,lookup_cache_reduce,2,100,1000,64,0.0008531040512025356,0.0008158870041370392,0.5643862386842274,560128,6.598888102615774e-15
scaling-n100-b1000,adult-large,pattern_background,2,100,1000,64,0.01653190399520099,0.0001880750060081482,0.2744915483419133,29104640,6.2727600891321345e-15
scaling-n100-b1000,adult-large,pattern_foreground,2,100,1000,64,0.07209250889718533,0.00023274216800928116,0.006563335525720168,29707264,6.286637876939949e-15
scaling-n100-b1000,adult-large,pattern_sparse,2,100,1000,64,0.018208565888926387,0.00022923690266907215,0.13167051589122408,30628864,6.2727600891321345e-15
scaling-n100-b1000,adult-large,pattern_dense,2,100,1000,64,0.0067035427782684565,0.0001826270017772913,0.14206909712972313,93604352,6.3074545586516706e-15
scaling-n100-b1000,adult-large,pattern_adaptive,2,100,1000,64,0.02175325993448496,0.00020753499120473862,0.051149752589815814,42980352,6.3074545586516706e-15
scaling-n10000-b1,fashion_mnist-small,original,20,10000,1,64,0.002346106106415391,0.002295941114425659,1.463371257551946,628000256,1.3877787807814457e-17
scaling-n10000-b1,fashion_mnist-small,control,20,10000,1,64,0.0023234018590301275,0.002283131005242467,0.13714450137029668,628002304,1.3877787807814457e-17
scaling-n10000-b1,fashion_mnist-small,lookup_global,20,10000,1,64,0.002293276134878397,0.002247377997264266,1.2532913099412566,628002304,1.3877787807814457e-17
scaling-n10000-b1,fashion_mnist-small,lookup_shared,20,10000,1,64,0.0022899408359080553,0.0022455339785665274,0.04730279574835985,628002304,1.734723475976807e-17
scaling-n10000-b1,fashion_mnist-small,lookup_constant,20,10000,1,64,0.002284022979438305,0.0022434310521930456,0.09212474359424086,628002304,1.3877787807814457e-17
scaling-n10000-b1,fashion_mnist-small,incremental,20,10000,1,64,0.0023581550922244787,0.002316501922905445,1.5705169097926241,628002304,1.3877787807814457e-17
scaling-n10000-b1,fashion_mnist-small,cache_background,20,10000,1,64,0.0024014899972826242,0.002281838096678257,0.31957687085048275,628003840,1.3877787807814457e-17
scaling-n10000-b1,fashion_mnist-small,cache_foreground,20,10000,1,64,0.0023706229403615,0.002253115875646472,0.23022900962287962,628378112,1.3877787807814457e-17
scaling-n10000-b1,fashion_mnist-small,cache_both,20,10000,1,64,0.00237060384824872,0.0022509421687573195,1.364883581817397,628379648,1.3877787807814457e-17
scaling-n10000-b1,fashion_mnist-small,threshold_bins,20,10000,1,64,0.06883069407194853,0.0022749879863113165,2.1371622341166043,690930688,1.3877787807814457e-17
scaling-n10000-b1,fashion_mnist-small,quadrature_leaf,20,10000,1,64,0.0023805280216038227,0.002329101087525487,1.0022548445092334,628002304,2.0816681711721685e-17
scaling-n10000-b1,fashion_mnist-small,quadrature_subtree,20,10000,1,64,0.0023665279150009155,0.002331213792786002,0.10100162306729653,628002304,1.3877787807814457e-17
scaling-n10000-b1,fashion_mnist-small,local_reduce,20,10000,1,64,0.002308670897036791,0.0022667760495096445,1.3560540429839518,628002304,1.734723475976807e-17
scaling-n10000-b1,fashion_mnist-small,lookup_reduce,20,10000,1,64,0.0022914940491318703,0.002246685791760683,1.684717993050865,628002304,1.734723475976807e-17
scaling-n10000-b1,fashion_mnist-small,lookup_cache_reduce,20,10000,1,64,0.002337733982130885,0.0022164401598274708,0.34419261699912157,628379648,1.734723475976807e-17
scaling-n10000-b1,fashion_mnist-small,pattern_background,20,10000,1,64,0.0032624558079987764,0.0022239910904318094,0.05766033482584435,692023808,2.42861286636753e-17
scaling-n10000-b1,fashion_mnist-small,pattern_foreground,20,10000,1,64,0.008269054116681218,0.002205412834882736,0.11128809128187576,705783296,2.0816681711721685e-17
scaling-n10000-b1,fashion_mnist-small,pattern_sparse,20,10000,1,64,0.008267662022262812,0.002206305041909218,0.3182666327860859,705783808,2.0816681711721685e-17
scaling-n10000-b1,fashion_mnist-small,pattern_dense,20,10000,1,64,0.003048880957067013,0.002201616996899247,0.3627149331171979,640860160,2.7755575615628914e-17
scaling-n10000-b1,fashion_mnist-small,pattern_adaptive,20,10000,1,64,0.002709156135097146,0.0026691958773881197,0.17010183371597348,628002304,1.3877787807814457e-17
scaling-n10000-b1,fashion_mnist-large,original,20,10000,1,64,0.008660083869472146,0.008580232970416546,0.28333905254906566,628000256,2.0816681711721685e-17
scaling-n10000-b1,fashion_mnist-large,control,20,10000,1,64,0.009715503081679344,0.009660769021138549,0.35261851185096993,628002816,3.469446951953614e-17
scaling-n10000-b1,fashion_mnist-large,lookup_global,20,10000,1,64,0.005643183132633567,0.00558927096426487,0.2589604275860885,628002816,5.551115123125783e-17
scaling-n10000-b1,fashion_mnist-large,lookup_shared,20,10000,1,64,0.005741100991144776,0.00570134911686182,0.35628786758473613,628002816,5.0306980803327406e-17
scaling-n10000-b1,fashion_mnist-large,lookup_constant,20,10000,1,64,0.005664455005899072,0.005613978952169418,0.35447142497444134,628002816,6.245004513516506e-17
scaling-n10000-b1,fashion_mnist-large,incremental,20,10000,1,64,0.00921860197558999,0.009169596945866942,0.017880762870773465,628002816,3.469446951953614e-17
scaling-n10000-b1,fashion_mnist-large,cache_background,20,10000,1,64,0.00959588191471994,0.009420476853847504,0.24324742994877743,628091904,2.7755575615628914e-17
scaling-n10000-b1,fashion_mnist-large,cache_foreground,20,10000,1,64,0.01030828314833343,0.009385623037815094,0.08138144543859271,655832576,3.469446951953614e-17
scaling-n10000-b1,fashion_mnist-large,cache_both,20,10000,1,64,0.010070591000840068,0.009144658921286464,0.07206812709127884,655921664,3.469446951953614e-17
scaling-n10000-b1,fashion_mnist-large,threshold_bins,20,10000,1,64,0.08961445698514581,0.009218842023983598,2.029033931805601,691367424,3.469446951953614e-17
scaling-n10000-b1,fashion_mnist-large,quadrature_leaf,20,10000,1,64,0.026452767197042704,0.02641374710947275,0.11714868814530409,628002816,7.979727989493313e-17
scaling-n10000-b1,fashion_mnist-large,quadrature_subtree,20,10000,1,64,0.0082246249075979,0.00813128286972642,0.39039395838769886,628002816,7.632783294297951e-17
scaling-n10000-b1,fashion_mnist-large,local_reduce,20,10000,1,64,0.008838576963171363,0.008805233985185623,0.16208473694385606,628002816,6.245004513516506e-17
scaling-n10000-b1,fashion_mnist-large,lookup_reduce,20,10000,1,64,0.005051205866038799,0.004999837838113308,0.28998736521859536,628002816,6.245004513516506e-17
scaling-n10000-b1,fashion_mnist-large,lookup_cache_reduce,20,10000,1,64,0.005673748208209872,0.004730029031634331,0.514784981234747,655921664,6.245004513516506e-17
scaling-n10000-b1,fashion_mnist-large,pattern_background,20,10000,1,64,0.05193392815999687,,0.1648710313085391,887251456,6.245004513516506e-17
scaling-n10000-b1,fashion_mnist-large,pattern_foreground,20,10000,1,64,0.3471405669115484,,0.1740503955228231,904211456,6.245004513516506e-17
scaling-n10000-b1,fashion_mnist-large,pattern_sparse,20,10000,1,64,0.34734128997661173,,0.1213283957319157,904211968,6.245004513516506e-17
scaling-n10000-b1,fashion_mnist-large,pattern_dense,20,10000,1,64,0.3558510518632829,,0.03571592524766563,904040448,6.245004513516506e-17
scaling-n10000-b1,fashion_mnist-large,pattern_adaptive,20,10000,1,64,0.010114839999005198,0.010048507945612073,0.0803357891480729,628002816,3.469446951953614e-17
scaling-n10000-b1,cal_housing-large,original,2,10000,1,64,0.0004361509345471859,0.0004181640688329935,0.2860396191769848,720384,1.3877787807814457e-17
scaling-n10000-b1,cal_housing-large,control,2,10000,1,64,0.000469340942800045,0.0004481789655983448,0.8731316453541941,722944,1.5612511283791264e-17
scaling-n10000-b1,cal_housing-large,lookup_global,2,10000,1,64,0.0003152471035718918,0.00029191188514232635,1.0703853568284474,722944,1.3877787807814457e-17
scaling-n10000-b1,cal_housing-large,lookup_shared,2,10000,1,64,0.00032157707028090954,0.0003011359367519617,0.36792845238409433,722944,1.5612511283791264e-17
scaling-n10000-b1,cal_housing-large,lookup_constant,2,10000,1,64,0.00031382497400045395,0.0002922432031482458,0.31717845859167865,722944,1.3877787807814457e-17
scaling-n10000-b1,cal_housing-large,incremental,2,10000,1,64,0.0005168430507183075,0.0004972938913851976,0.2724309633160332,722944,1.3877787807814457e-17
scaling-n10000-b1,cal_housing-large,cache_background,2,10000,1,64,0.00047694286331534386,0.00043895491398870945,0.3819100675050577,748032,1.5612511283791264e-17
scaling-n10000-b1,cal_housing-large,cache_foreground,2,10000,1,64,0.0005961130373179913,0.00044435402378439903,0.438668466147488,8460800,1.5612511283791264e-17
scaling-n10000-b1,cal_housing-large,cache_both,2,10000,1,64,0.0005811101291328669,0.0004236919339746237,0.30023773551401994,8485888,1.5612511283791264e-17
scaling-n10000-b1,cal_housing-large,threshold_bins,2,10000,1,64,0.0013623239938169718,0.0004289601929485798,0.15136472526063624,1568768,1.5612511283791264e-17
scaling-n10000-b1,cal_housing-large,quadrature_leaf,2,10000,1,64,0.0014296371955424547,0.001409837044775486,0.09067969548537506,722944,4.85722573273506e-17
scaling-n10000-b1,cal_housing-large,quadrature_subtree,2,10000,1,64,0.0004447640385478735,0.0004243929870426655,0.2803025872843189,722944,4.163336342344337e-17
scaling-n10000-b1,cal_housing-large,local_reduce,2,10000,1,64,0.0004447139799594879,0.0004237119574099779,0.26616105803552115,722944,4.163336342344337e-17
scaling-n10000-b1,cal_housing-large,lookup_reduce,2,10000,1,64,0.0002986430190503597,0.00027560791932046413,0.0745023562363221,722944,4.163336342344337e-17
scaling-n10000-b1,cal_housing-large,lookup_cache_reduce,2,10000,1,64,0.00041373702697455883,0.00025695888325572014,0.5772750041668547,8485888,4.163336342344337e-17
scaling-n10000-b1,cal_housing-large,pattern_background,2,10000,1,64,0.009548077825456858,,0.3068077786563329,330548224,3.469446951953614e-17
scaling-n10000-b1,cal_housing-large,pattern_foreground,2,10000,1,64,0.08910497394390404,,0.03624744568786813,351428608,3.469446951953614e-17
scaling-n10000-b1,cal_housing-large,pattern_sparse,2,10000,1,64,0.08957184199243784,,0.11958628930205996,351429120,3.469446951953614e-17
scaling-n10000-b1,cal_housing-large,pattern_dense,2,10000,1,64,0.008699622936546803,0.0007249789778143167,0.7910060602712602,264940032,3.469446951953614e-17
scaling-n10000-b1,cal_housing-large,pattern_adaptive,2,10000,1,64,0.00047466903924942017,0.00045185512863099575,0.760473922684425,722944,1.5612511283791264e-17
scaling-n10000-b1,adult-large,original,2,10000,1,64,0.000696664908900857,0.0006747930310666561,0.39453034236415147,1200128,1.3877787807814457e-17
scaling-n10000-b1,adult-large,control,2,10000,1,64,0.0007304369937628508,0.0007105669938027859,0.10215313200736217,1202688,2.0816681711721685e-17
scaling-n10000-b1,adult-large,lookup_global,2,10000,1,64,0.0005024210549890995,0.000483762938529253,0.568565565900392,1202688,2.0816681711721685e-17
scaling-n10000-b1,adult-large,lookup_shared,2,10000,1,64,0.0005171631928533316,0.0004953809548169374,0.26239031219829445,1202688,2.0816681711721685e-17
scaling-n10000-b1,adult-large,lookup_constant,2,10000,1,64,0.0005030219908803701,0.00048302183859050274,1.0411996295514399,1202688,2.0816681711721685e-17
scaling-n10000-b1,adult-large,incremental,2,10000,1,64,0.0007735020481050014,0.0007576579228043556,0.34795754069060364,1202688,1.734723475976807e-17
scaling-n10000-b1,adult-large,cache_background,2,10000,1,64,0.0006836759857833385,0.0006477020215243101,0.5680483484026508,1218048,2.0816681711721685e-17
scaling-n10000-b1,adult-large,cache_foreground,2,10000,1,64,0.0007636169902980328,0.0006511968094855547,0.2151472967742633,5940736,1.734723475976807e-17
scaling-n10000-b1,adult-large,cache_both,2,10000,1,64,0.0006930399686098099,0.0005771941505372524,3.4526804303823173,5956096,1.734723475976807e-17
scaling-n10000-b1,adult-large,threshold_bins,2,10000,1,64,0.002122315810993314,0.0007082128431648016,0.4322963843888344,2513408,1.734723475976807e-17
scaling-n10000-b1,adult-large,quadrature_leaf,2,10000,1,64,0.002071279101073742,0.0020485250279307365,0.17289830517262142,1202688,5.0306980803327406e-17
scaling-n10000-b1,adult-large,quadrature_subtree,2,10000,1,64,0.0005431631579995155,0.0005215301644057035,0.11335530443270442,1202688,4.163336342344337e-17
scaling-n10000-b1,adult-large,local_reduce,2,10000,1,64,0.0006855889223515987,0.0006677010096609592,0.658807404751067,1202688,4.5102810375396984e-17
scaling-n10000-b1,adult-large,lookup_reduce,2,10000,1,64,0.00048003694973886013,0.0004553000908344984,0.7034652132368935,1202688,4.5102810375396984e-17
scaling-n10000-b1,adult-large,lookup_cache_reduce,2,10000,1,64,0.0004409078974276781,0.00032385089434683323,0.25297494676743865,5956096,4.5102810375396984e-17
scaling-n10000-b1,adult-large,pattern_background,2,10000,1,64,0.00756996008567512,,1.254073606225017,263341056,5.551115123125783e-17
scaling-n10000-b1,adult-large,pattern_foreground,2,10000,1,64,0.05950749316252768,,0.23716401098743314,280461824,5.551115123125783e-17
scaling-n10000-b1,adult-large,pattern_sparse,2,10000,1,64,0.059728016844019294,,0.1558970799063432,280462336,5.551115123125783e-17
scaling-n10000-b1,adult-large,pattern_dense,2,10000,1,64,0.007410519057884812,0.0006355941295623779,0.6231478334189339,244694016,5.551115123125783e-17
scaling-n10000-b1,adult-large,pattern_adaptive,2,10000,1,64,0.0007361250463873148,0.0007119989022612572,0.2221241925878123,1202688,1.734723475976807e-17
scaling-n10000-b10,fashion_mnist-small,original,20,10000,10,64,0.0032016108743846416,0.0031466479413211346,0.9223171604186116,628000256,4.85722573273506e-17
scaling-n10000-b10,fashion_mnist-small,control,20,10000,10,64,0.003181840991601348,0.0030742380768060684,1.047552939063556,628002304,4.163336342344337e-17
scaling-n10000-b10,fashion_mnist-small,lookup_global,20,10000,10,64,0.0026869019493460655,0.002640560967847705,0.04708680377759612,628002304,4.85722573273506e-17
scaling-n10000-b10,fashion_mnist-small,lookup_shared,20,10000,10,64,0.00274925515986979,0.002640540013089776,1.288000970706033,628002304,4.85722573273506e-17
scaling-n10000-b10,fashion_mnist-small,lookup_constant,20,10000,10,64,0.002680201083421707,0.0026423640083521605,0.16271865295565527,628002304,4.163336342344337e-17
scaling-n10000-b10,fashion_mnist-small,incremental,20,10000,10,64,0.0034566568210721016,0.003415754996240139,0.057051570020119055,628002304,4.85722573273506e-17
scaling-n10000-b10,fashion_mnist-small,cache_background,20,10000,10,64,0.0031328669283539057,0.003017771989107132,0.23115356005020082,628003840,4.85722573273506e-17
scaling-n10000-b10,fashion_mnist-small,cache_foreground,20,10000,10,64,0.003123081987723708,0.003002739977091551,0.1567225862675867,628378112,3.469446951953614e-17
scaling-n10000-b10,fashion_mnist-small,cache_both,20,10000,10,64,0.0030803768895566463,0.0029408361297100782,0.8073870680854186,628379648,3.469446951953614e-17
scaling-n10000-b10,fashion_mnist-small,threshold_bins,20,10000,10,64,0.07023017504252493,0.0029423979576677084,2.431242210039856,690930688,3.469446951953614e-17
scaling-n10000-b10,fashion_mnist-small,quadrature_leaf,20,10000,10,64,0.003553834045305848,0.003502847859635949,0.7933241981538358,628002304,4.85722573273506e-17
scaling-n10000-b10,fashion_mnist-small,quadrature_subtree,20,10000,10,64,0.0035299588926136494,0.0034866519272327423,0.16686707615312538,628002304,8.326672684688674e-17
scaling-n10000-b10,fashion_mnist-small,local_reduce,20,10000,10,64,0.0030871171038597822,0.003035319037735462,1.066270543196429,628002304,8.326672684688674e-17
scaling-n10000-b10,fashion_mnist-small,lookup_reduce,20,10000,10,64,0.002659008838236332,0.0026104848366230726,1.158774659826629,628002304,8.326672684688674e-17
scaling-n10000-b10,fashion_mnist-small,lookup_cache_reduce,20,10000,10,64,0.0026005799882113934,0.002475731074810028,0.08304934389359106,628379648,8.326672684688674e-17
scaling-n10000-b10,fashion_mnist-small,pattern_background,20,10000,10,64,0.003507303074002266,0.0023343770299106836,0.6141857432660972,692027392,9.71445146547012e-17
scaling-n10000-b10,fashion_mnist-small,pattern_foreground,20,10000,10,64,0.008441512007266283,0.0023050219751894474,0.23366875826255812,705785344,9.020562075079397e-17
scaling-n10000-b10,fashion_mnist-small,pattern_sparse,20,10000,10,64,0.008444264996796846,0.0023072860203683376,0.03285929358765029,705787392,9.71445146547012e-17
scaling-n10000-b10,fashion_mnist-small,pattern_dense,20,10000,10,64,0.003174850018694997,0.0023044811096042395,1.177499139010201,640861696,9.71445146547012e-17
scaling-n10000-b10,fashion_mnist-small,pattern_adaptive,20,10000,10,64,0.00895542697981,0.002303140005096793,0.30301043166316116,659401728,9.71445146547012e-17
scaling-n10000-b10,fashion_mnist-large,original,20,10000,10,64,0.04544753604568541,0.045919124968349934,0.6686524624210421,628000256,9.020562075079397e-17
scaling-n10000-b10,fashion_mnist-large,control,20,10000,10,64,0.053614091128110886,0.05397716583684087,0.3539659779156277,628002816,8.326672684688674e-17
scaling-n10000-b10,fashion_mnist-large,lookup_global,20,10000,10,64,0.024136400083079934,0.024190749041736126,0.21321486750026866,628002816,6.245004513516506e-17
scaling-n10000-b10,fashion_mnist-large,lookup_shared,20,10000,10,64,0.024236110970377922,0.024364099139347672,0.07194451012374442,628002816,6.591949208711867e-17
scaling-n10000-b10,fashion_mnist-large,lookup_constant,20,10000,10,64,0.02431711391545832,0.024145466974005103,0.2706014282471144,628002816,7.28583859910259e-17
scaling-n10000-b10,fashion_mnist-large,incremental,20,10000,10,64,0.05157836084254086,0.0513568960595876,0.6328074823612195,628002816,7.45931094670027e-17
scaling-n10000-b10,fashion_mnist-large,cache_background,20,10000,10,64,0.051907978951931,0.051613301038742065,0.8783086250781256,628091904,8.326672684688674e-17
scaling-n10000-b10,fashion_mnist-large,cache_foreground,20,10000,10,64,0.052449845941737294,0.051771421916782856,0.2534192708782031,655832576,8.326672684688674e-17
scaling-n10000-b10,fashion_mnist-large,cache_both,20,10000,10,64,0.050648950971663,0.049713901011273265,0.3668601160245924,655921664,9.020562075079397e-17
scaling-n10000-b10,fashion_mnist-large,threshold_bins,20,10000,10,64,0.1281755908858031,0.04993055504746735,1.3909478512751854,691367424,6.938893903907228e-17
scaling-n10000-b10,fashion_mnist-large,quadrature_leaf,20,10000,10,64,0.18044091993942857,0.17863957001827657,0.47396423387773723,628002816,1.0408340855860843e-16
scaling-n10000-b10,fashion_mnist-large,quadrature_subtree,20,10000,10,64,0.05172205902636051,0.05170574993826449,0.18145682214020822,628002816,1.3877787807814457e-16
scaling-n10000-b10,fashion_mnist-large,local_reduce,20,10000,10,64,0.047194958198815584,0.04699007794260979,0.11810580129978393,628002816,1.5265566588595902e-16
scaling-n10000-b10,fashion_mnist-large,lookup_reduce,20,10000,10,64,0.019200005801394582,0.019044579938054085,0.291988330769532,628002816,1.5265566588595902e-16
scaling-n10000-b10,fashion_mnist-large,lookup_cache_reduce,20,10000,10,64,0.01627252995967865,0.015210143057629466,0.3624628258302169,655921664,1.5265566588595902e-16
scaling-n10000-b10,fashion_mnist-large,pattern_background,20,10000,10,64,0.0833047570195049,,0.17056300959396672,887262720,1.5265566588595902e-16
scaling-n10000-b10,fashion_mnist-large,pattern_foreground,20,10000,10,64,0.36167760705575347,,0.08502075535452568,904218112,1.5265566588595902e-16
scaling-n10000-b10,fashion_mnist-large,pattern_sparse,20,10000,10,64,0.36378407711163163,,0.0999002169079131,904223232,1.5265566588595902e-16
scaling-n10000-b10,fashion_mnist-large,pattern_dense,20,10000,10,64,0.363240686012432,,0.023183325813576964,904045056,1.5265566588595902e-16
scaling-n10000-b10,fashion_mnist-large,pattern_adaptive,20,10000,10,64,0.6835775810759515,,0.09751745362683932,926695936,1.5265566588595902e-16
scaling-n10000-b10,cal_housing-large,original,2,10000,10,64,0.001804252853617072,0.0017966108862310648,0.25266667158159845,720384,9.71445146547012e-17
scaling-n10000-b10,cal_housing-large,control,2,10000,10,64,0.0020486931316554546,0.0020336308516561985,0.10438872828726947,722944,1.0408340855860843e-16
scaling-n10000-b10,cal_housing-large,lookup_global,2,10000,10,64,0.0010192140471190214,0.0009974308777600527,0.5687568385235061,722944,6.938893903907228e-17
scaling-n10000-b10,cal_housing-large,lookup_shared,2,10000,10,64,0.0010205658618360758,0.0010009859688580036,0.4737190892391408,722944,8.326672684688674e-17
scaling-n10000-b10,cal_housing-large,lookup_constant,2,10000,10,64,0.0010280671995133162,0.001006504986435175,0.36545643455343,722944,6.245004513516506e-17
scaling-n10000-b10,cal_housing-large,incremental,2,10000,10,64,0.0024574818089604378,0.0024395950604230165,0.39867250281143046,722944,1.0408340855860843e-16
scaling-n10000-b10,cal_housing-large,cache_background,2,10000,10,64,0.0019527371041476727,0.001920399023219943,0.42790852079650765,748032,5.551115123125783e-17
scaling-n10000-b10,cal_housing-large,cache_foreground,2,10000,10,64,0.0020783981308341026,0.0019276498351246119,0.07809373986279396,8460800,4.85722573273506e-17
scaling-n10000-b10,cal_housing-large,cache_both,2,10000,10,64,0.001965245930477977,0.0018068770878016949,0.13930930990618143,8485888,5.551115123125783e-17
scaling-n10000-b10,cal_housing-large,threshold_bins,2,10000,10,64,0.0027714178431779146,0.001807347871363163,0.5799291062598532,1568768,5.551115123125783e-17
scaling-n10000-b10,cal_housing-large,quadrature_leaf,2,10000,10,64,0.008369918214157224,0.008347705006599426,0.037734481181768725,722944,1.1102230246251565e-16
scaling-n10000-b10,cal_housing-large,quadrature_subtree,2,10000,10,64,0.003523757914081216,0.003515786025673151,0.05660028864594865,722944,1.3877787807814457e-16
scaling-n10000-b10,cal_housing-large,local_reduce,2,10000,10,64,0.00191033398732543,0.0018911650404334068,0.20683883144188964,722944,1.1796119636642288e-16
scaling-n10000-b10,cal_housing-large,lookup_reduce,2,10000,10,64,0.0008711491245776415,0.0008580598514527082,0.12046997658843044,722944,1.1796119636642288e-16
scaling-n10000-b10,cal_housing-large,lookup_cache_reduce,2,10000,10,64,0.0008750259876251221,0.0007214532233774662,0.5685878217728687,8485888,1.249000902703301e-16
scaling-n10000-b10,cal_housing-large,pattern_background,2,10000,10,64,0.011434759944677353,,0.31438398774494813,330559488,1.5959455978986625e-16
scaling-n10000-b10,cal_housing-large,pattern_foreground,2,10000,10,64,0.0905519078951329,,0.21034651302822419,351435264,1.457167719820518e-16
scaling-n10000-b10,cal_housing-large,pattern_sparse,2,10000,10,64,0.09114788006991148,,0.15612469214514504,351440384,1.5959455978986625e-16
scaling-n10000-b10,cal_housing-large,pattern_dense,2,10000,10,64,0.0091079359408468,0.0007331711240112782,0.20359398799397901,264944128,1.5265566588595902e-16
scaling-n10000-b10,cal_housing-large,pattern_adaptive,2,10000,10,64,0.1529682488180697,,0.10935729889720378,280308736,1.5959455978986625e-16
scaling-n10000-b10,adult-large,original,2,10000,10,64,0.00271856808103621,0.002696925075724721,0.11983399555286071,1200128,4.163336342344337e-17
scaling-n10000-b10,adult-large,control,2,10000,10,64,0.0029593121726065874,0.0029373590368777514,0.021113766600824865,1202688,4.85722573273506e-17
scaling-n10000-b10,adult-large,lookup_global,2,10000,10,64,0.0014792198780924082,0.0014759448822587729,0.7616370974516158,1202688,6.938893903907228e-17
scaling-n10000-b10,adult-large,lookup_shared,2,10000,10,64,0.0014616940170526505,0.0014383678790181875,0.10739969721889644,1202688,6.938893903907228e-17
scaling-n10000-b10,adult-large,lookup_constant,2,10000,10,64,0.0014997008256614208,0.001470907824113965,0.550822208728559,1202688,6.245004513516506e-17
scaling-n10000-b10,adult-large,incremental,2,10000,10,64,0.003272346220910549,0.0032469481229782104,0.0946331156487879,1202688,6.245004513516506e-17
scaling-n10000-b10,adult-large,cache_background,2,10000,10,64,0.0027787690050899982,0.0027413920033723116,0.25769760769943967,1218048,5.551115123125783e-17
scaling-n10000-b10,adult-large,cache_foreground,2,10000,10,64,0.002867824165150523,0.002751396968960762,0.2544982308900864,5940736,5.551115123125783e-17
scaling-n10000-b10,adult-large,cache_both,2,10000,10,64,0.0026552509516477585,0.0025295119266957045,0.1443229218443462,5956096,5.551115123125783e-17
scaling-n10000-b10,adult-large,threshold_bins,2,10000,10,64,0.004146500024944544,0.0027706772089004517,0.1548526844603741,2513408,6.938893903907228e-17
scaling-n10000-b10,adult-large,quadrature_leaf,2,10000,10,64,0.011148977093398571,0.011125762015581131,0.018522385433168864,1202688,9.020562075079397e-17
scaling-n10000-b10,adult-large,quadrature_subtree,2,10000,10,64,0.003293990157544613,0.0032683401368558407,0.20957049657536753,1202688,1.1796119636642288e-16
scaling-n10000-b10,adult-large,local_reduce,2,10000,10,64,0.002746510086581111,0.0027188779786229134,0.01988412760803475,1202688,1.1796119636642288e-16
scaling-n10000-b10,adult-large,lookup_reduce,2,10000,10,64,0.0012425619643181562,0.0012257271446287632,0.3058211169640499,1202688,1.1796119636642288e-16
scaling-n10000-b10,adult-large,lookup_cache_reduce,2,10000,10,64,0.0009643209632486105,0.0008516600355505943,0.2933374410362009,5956096,1.1796119636642288e-16
scaling-n10000-b10,adult-large,pattern_background,2,10000,10,64,0.009225523099303246,,0.13561875540658885,263352320,1.1102230246251565e-16
scaling-n10000-b10,adult-large,pattern_foreground,2,10000,10,64,0.06084078294225037,,0.15613827843620054,280468480,1.1102230246251565e-16
scaling-n10000-b10,adult-large,pattern_sparse,2,10000,10,64,0.061237165005877614,,0.14144064207352533,280473600,1.1102230246251565e-16
scaling-n10000-b10,adult-large,pattern_dense,2,10000,10,64,0.007570086047053337,0.0006439150311052799,0.0414155827969403,244694016,1.249000902703301e-16
scaling-n10000-b10,adult-large,pattern_adaptive,2,10000,10,64,0.1177895232103765,,0.10092613932105796,280473600,1.1102230246251565e-16
scaling-n10000-b100,fashion_mnist-small,original,20,10000,100,64,0.01180337811820209,0.011704147094860673,0.1790733612833359,628000256,5.273559366969494e-16
scaling-n10000-b100,fashion_mnist-small,control,20,10000,100,64,0.010876561980694532,0.010818775976076722,0.013439655938370931,628002304,6.036837696399289e-16
scaling-n10000-b100,fashion_mnist-small,lookup_global,20,10000,100,64,0.006757393945008516,0.006697223987430334,0.10300565026670355,628002304,5.759281940243e-16
scaling-n10000-b100,fashion_mnist-small,lookup_shared,20,10000,100,64,0.006768080871552229,0.006696461932733655,0.09311033312711449,628002304,5.898059818321144e-16
scaling-n10000-b100,fashion_mnist-small,lookup_constant,20,10000,100,64,0.006778836948797107,0.006712757982313633,0.1535490331777947,628002304,5.689893001203927e-16
scaling-n10000-b100,fashion_mnist-small,incremental,20,10000,100,64,0.014260958880186081,0.01421247492544353,0.06430001651431284,628002304,6.106226635438361e-16
scaling-n10000-b100,fashion_mnist-small,cache_background,20,10000,100,64,0.010305427946150303,0.010170964989811182,0.11217691948113619,628007424,6.245004513516506e-16
scaling-n10000-b100,fashion_mnist-small,cache_foreground,20,10000,100,64,0.010325918905436993,0.010174490045756102,0.30297954371237573,628378112,5.898059818321144e-16
scaling-n10000-b100,fashion_mnist-small,cache_both,20,10000,100,64,0.009676944930106401,0.009532677941024303,0.17923202489699647,628383232,6.106226635438361e-16
scaling-n10000-b100,fashion_mnist-small,threshold_bins,20,10000,100,64,0.07526886579580605,0.009513858938589692,1.1533883623626096,691389440,6.175615574477433e-16
scaling-n10000-b100,fashion_mnist-small,quadrature_leaf,20,10000,100,64,0.014881778974086046,0.014789938926696777,0.1912779350695129,628002304,6.175615574477433e-16
scaling-n10000-b100,fashion_mnist-small,quadrature_subtree,20,10000,100,64,0.017132950015366077,0.01705905795097351,0.02969038000222697,628002304,1.0408340855860843e-15
scaling-n10000-b100,fashion_mnist-small,local_reduce,20,10000,100,64,0.010542788077145815,0.010444858809933066,0.2844083796868108,628002304,1.0685896612017132e-15
scaling-n10000-b100,fashion_mnist-small,lookup_reduce,20,10000,100,64,0.006449867971241474,0.006389887072145939,0.13408771929399044,628002304,1.0685896612017132e-15
scaling-n10000-b100,fashion_mnist-small,lookup_cache_reduce,20,10000,100,64,0.005252485862001777,0.005123059032484889,0.06067607517005925,628383232,1.0824674490095276e-15
scaling-n10000-b100,fashion_mnist-small,pattern_background,20,10000,100,64,0.003746194066479802,0.0023924631532281637,0.27391466681729676,692070912,1.0408340855860843e-15
scaling-n10000-b100,fashion_mnist-small,pattern_foreground,20,10000,100,64,0.00892745004966855,0.002364891115576029,0.029894538265805178,705811456,9.71445146547012e-16
scaling-n10000-b100,fashion_mnist-small,pattern_sparse,20,10000,100,64,0.008540064096450806,0.0023626789916306734,0.04683562725682267,705830912,1.0408340855860843e-15
scaling-n10000-b100,fashion_mnist-small,pattern_dense,20,10000,100,64,0.0031925549264997244,0.0023593429941684008,0.199260078636595,640879104,1.0130785099704553e-15
scaling-n10000-b100,fashion_mnist-small,pattern_adaptive,20,10000,100,64,0.009097369154915214,0.0023585320450365543,0.09937034898122606,659447808,1.0130785099704553e-15
scaling-n10000-b100,fashion_mnist-large,original,20,10000,100,64,0.3609783728606999,0.36189577099867165,0.12368538587442214,628000256,5.377642775528102e-16
scaling-n10000-b100,fashion_mnist-large,control,20,10000,100,64,0.42451854795217514,0.42417674395255744,0.15921357202361555,628002816,4.85722573273506e-16
scaling-n10000-b100,fashion_mnist-large,lookup_global,20,10000,100,64,0.1768818781711161,0.17690451303496957,0.23292180965839673,628002816,5.100087019371813e-16
scaling-n10000-b100,fashion_mnist-large,lookup_shared,20,10000,100,64,0.17691379808820784,0.176891575101763,0.17013456226810436,628002816,5.585809592645319e-16
scaling-n10000-b100,fashion_mnist-large,lookup_constant,20,10000,100,64,0.1774534999858588,0.1777667289134115,0.2077318317941194,628002816,5.412337245047638e-16
scaling-n10000-b100,fashion_mnist-large,incremental,20,10000,100,64,0.41392374807037413,0.413679736899212,0.10209474240872503,628002816,5.065392549852277e-16
scaling-n10000-b100,fashion_mnist-large,cache_background,20,10000,100,64,0.4093113748822361,0.40852596005424857,0.18368824014934504,628358656,5.412337245047638e-16
scaling-n10000-b100,fashion_mnist-large,cache_foreground,20,10000,100,64,0.4097193048801273,0.40812991419807076,0.2442847038901118,655832576,5.048045315092509e-16
scaling-n10000-b100,fashion_mnist-large,cache_both,20,10000,100,64,0.394482433097437,0.3927938749548048,0.11347066034008561,656188416,4.2327252813834093e-16
scaling-n10000-b100,fashion_mnist-large,threshold_bins,20,10000,100,64,0.47171056806109846,0.3917081819381565,0.38217443021270564,691826176,5.204170427930421e-16
scaling-n10000-b100,fashion_mnist-large,quadrature_leaf,20,10000,100,64,1.4107725732028484,1.4134321138262749,0.13738020648370813,628002816,5.863365348801608e-16
scaling-n10000-b100,fashion_mnist-large,quadrature_subtree,20,10000,100,64,0.4853052790276706,0.48549844697117805,0.13462284935566124,628002816,1.1830814106161824e-15
scaling-n10000-b100,fashion_mnist-large,local_reduce,20,10000,100,64,0.36998877208679914,0.369564238935709,0.08773851036062323,628002816,1.2108369862318114e-15
scaling-n10000-b100,fashion_mnist-large,lookup_reduce,20,10000,100,64,0.13427515607327223,0.13430945808067918,0.10651552131632197,628002816,1.2073675392798577e-15
scaling-n10000-b100,fashion_mnist-large,lookup_cache_reduce,20,10000,100,64,0.10958964610472322,0.10891681211069226,0.25578232446763877,656188416,1.2073675392798577e-15
scaling-n10000-b100,fashion_mnist-large,pattern_background,20,10000,100,64,0.289982995018363,,0.0708889775998183,887377920,1.2212453270876722e-15
scaling-n10000-b100,fashion_mnist-large,pattern_foreground,20,10000,100,64,0.45484153693541884,,0.1431767830643646,904287232,1.2177758801357186e-15
scaling-n10000-b100,fashion_mnist-large,pattern_sparse,20,10000,100,64,0.42410688288509846,,0.3042013594167041,904338432,1.2108369862318114e-15
scaling-n10000-b100,fashion_mnist-large,pattern_dense,20,10000,100,64,0.37560612382367253,,0.01866187282709432,904091136,1.214306433183765e-15
scaling-n10000-b100,fashion_mnist-large,pattern_adaptive,20,10000,100,64,0.5818999519106001,,0.22924434259967413,921952768,1.2212453270876722e-15
scaling-n10000-b100,cal_housing-large,original,2,10000,100,64,0.01414133096113801,0.014124264009296894,0.28872993622032,720384,1.8388068845354155e-16
scaling-n10000-b100,cal_housing-large,control,2,10000,100,64,0.016061858972534537,0.016035629203543067,0.2417289894253983,722944,3.5388358909926865e-16
scaling-n10000-b100,cal_housing-large,lookup_global,2,10000,100,64,0.007764867041260004,0.007727800169959664,0.14842966044718206,722944,1.8388068845354155e-16
scaling-n10000-b100,cal_housing-large,lookup_shared,2,10000,100,64,0.007771836826577783,0.007766108028590679,0.3012807442380002,722944,1.8388068845354155e-16
scaling-n10000-b100,cal_housing-large,lookup_constant,2,10000,100,64,0.0077638449147343636,0.0077537898905575275,0.553433470396109,722944,2.0469737016526324e-16
scaling-n10000-b100,cal_housing-large,incremental,2,10000,100,64,0.019450609106570482,0.019499683985486627,0.18354257085029235,722944,2.0469737016526324e-16
scaling-n10000-b100,cal_housing-large,cache_background,2,10000,100,64,0.015033221105113626,0.015066650928929448,0.1927952095161452,822272,1.8041124150158794e-16
scaling-n10000-b100,cal_housing-large,cache_foreground,2,10000,100,64,0.015200454043224454,0.015066822059452534,0.35636444799010886,8460800,1.942890293094024e-16
scaling-n10000-b100,cal_housing-large,cache_both,2,10000,100,64,0.014290246879681945,0.014114459976553917,0.15647303206748764,8560128,2.42861286636753e-16
scaling-n10000-b100,cal_housing-large,threshold_bins,2,10000,100,64,0.014998808968812227,0.014031573897227645,0.2699707184208976,1568768,2.185751579730777e-16
scaling-n10000-b100,cal_housing-large,quadrature_leaf,2,10000,100,64,0.06775986100547016,0.067631607176736,0.12427437263037298,722944,1.97758476261356e-16
scaling-n10000-b100,cal_housing-large,quadrature_subtree,2,10000,100,64,0.03271577297709882,0.03278156300075352,0.054036478106936424,722944,4.996003610813204e-16
scaling-n10000-b100,cal_housing-large,local_reduce,2,10000,100,64,0.014829481951892376,0.014910494908690453,0.2770417226983754,722944,5.134781488891349e-16
scaling-n10000-b100,cal_housing-large,lookup_reduce,2,10000,100,64,0.006687715882435441,0.006636838894337416,0.28065810624552046,722944,5.273559366969494e-16
scaling-n10000-b100,cal_housing-large,lookup_cache_reduce,2,10000,100,64,0.004981152014806867,0.0048137379344552755,0.37565058284463143,8560128,5.134781488891349e-16
scaling-n10000-b100,cal_housing-large,pattern_background,2,10000,100,64,0.02205121680162847,,0.2643070279757205,330674688,5.134781488891349e-16
scaling-n10000-b100,cal_housing-large,pattern_foreground,2,10000,100,64,0.09948868001811206,,0.13472206932139047,351504384,4.996003610813204e-16
scaling-n10000-b100,cal_housing-large,pattern_sparse,2,10000,100,64,0.09470443800091743,,0.09771753755971772,351555584,5.065392549852277e-16
scaling-n10000-b100,cal_housing-large,pattern_dense,2,10000,100,64,0.00885074120014906,0.0007767858915030956,0.1210455224568476,264983552,4.996003610813204e-16
scaling-n10000-b100,cal_housing-large,pattern_adaptive,2,10000,100,64,0.0961331098806113,0.0007782180327922106,0.00984649191103384,281572864,4.996003610813204e-16
scaling-n10000-b100,adult-large,original,2,10000,100,64,0.01985316793434322,0.019761149073019624,0.18840668474022837,1200128,1.5959455978986625e-16
scaling-n10000-b100,adult-large,control,2,10000,100,64,0.021697079995647073,0.02169923298060894,0.46698040252061107,1202688,2.0816681711721685e-16
scaling-n10000-b100,adult-large,lookup_global,2,10000,100,64,0.010661191074177623,0.01060880208387971,0.14816021647046107,1202688,2.0122792321330962e-16
scaling-n10000-b100,adult-large,lookup_shared,2,10000,100,64,0.010608231881633401,0.010620089014992118,0.08888872019008535,1202688,1.8041124150158794e-16
scaling-n10000-b100,adult-large,lookup_constant,2,10000,100,64,0.010675954166799784,0.010671946918591857,0.17477680425458245,1202688,1.942890293094024e-16
scaling-n10000-b100,adult-large,incremental,2,10000,100,64,0.024525863118469715,0.024617651011794806,0.4418679458093186,1202688,2.3592239273284576e-16
scaling-n10000-b100,adult-large,cache_background,2,10000,100,64,0.020185801899060607,0.02012300700880587,0.20688802255323618,1263616,1.942890293094024e-16
scaling-n10000-b100,adult-large,cache_foreground,2,10000,100,64,0.020249960012733936,0.020130458055064082,0.17166882027667668,5940736,2.2898349882893854e-16
scaling-n10000-b100,adult-large,cache_both,2,10000,100,64,0.018744318978860974,0.018578398041427135,0.40940609402260897,6001664,2.220446049250313e-16
scaling-n10000-b100,adult-large,threshold_bins,2,10000,100,64,0.021542516071349382,0.020068165147677064,0.3075789899143798,2513408,2.0816681711721685e-16
scaling-n10000-b100,adult-large,quadrature_leaf,2,10000,100,64,0.086026547010988,0.08643745887093246,0.07432188238397627,1202688,2.8449465006019636e-16
scaling-n10000-b100,adult-large,quadrature_subtree,2,10000,100,64,0.031413020100444555,0.03142268513329327,0.07234684890586675,1202688,8.118505867571457e-16
scaling-n10000-b100,adult-large,local_reduce,2,10000,100,64,0.02000416605733335,0.019910754868760705,0.23442575340927818,1202688,8.049116928532385e-16
scaling-n10000-b100,adult-large,lookup_reduce,2,10000,100,64,0.009075391106307507,0.00908717792481184,0.7060474410899062,1202688,8.049116928532385e-16
scaling-n10000-b100,adult-large,lookup_cache_reduce,2,10000,100,64,0.006188398925587535,0.006067597074434161,0.3188937767708812,6001664,8.118505867571457e-16
scaling-n10000-b100,adult-large,pattern_background,2,10000,100,64,0.022506945999339223,,0.4337967172005192,263467520,8.049116928532385e-16
scaling-n10000-b100,adult-large,pattern_foreground,2,10000,100,64,0.0706112280022353,,0.2299478062559551,280537600,8.118505867571457e-16
scaling-n10000-b100,adult-large,pattern_sparse,2,10000,100,64,0.0656652192119509,,0.0912340436959821,280588800,8.049116928532385e-16
scaling-n10000-b100,adult-large,pattern_dense,2,10000,100,64,0.007557573029771447,0.000705318059772253,0.32469905310647856,244696064,8.187894806610529e-16
scaling-n10000-b100,adult-large,pattern_adaptive,2,10000,100,64,0.06768093211576343,0.0007068610284477472,0.2916021777811333,247863808,8.118505867571457e-16
scaling-n10000-b1000,fashion_mnist-small,original,20,10000,1000,64,0.09984275186434388,0.0998015720397234,0.034795269708355725,628000256,2.6575963651964685e-15
scaling-n10000-b1000,fashion_mnist-small,control,20,10000,1000,64,0.08219555299729109,0.08208404388278723,0.04121447838517334,628002304,2.6506574712925612e-15
scaling-n10000-b1000,fashion_mnist-small,lookup_global,20,10000,1000,64,0.041572179878130555,0.041483987122774124,0.060849576893237015,628002304,2.42861286636753e-15
scaling-n10000-b1000,fashion_mnist-small,lookup_shared,20,10000,1000,64,0.04147702013142407,0.04141533700749278,0.03205589601591004,628002304,2.463307335887066e-15
scaling-n10000-b1000,fashion_mnist-small,lookup_constant,20,10000,1000,64,0.041795898927375674,0.04172364389523864,0.015720378980146485,628002304,2.525757381022231e-15
scaling-n10000-b1000,fashion_mnist-small,incremental,20,10000,1000,64,0.12633845303207636,0.1263004350475967,0.03553446394081086,628002304,2.671474153004283e-15
scaling-n10000-b1000,fashion_mnist-small,cache_background,20,10000,1000,64,0.07683474803343415,0.07669343589805067,0.050921906876769334,628040704,2.123301534595612e-15
scaling-n10000-b1000,fashion_mnist-small,cache_foreground,20,10000,1000,64,0.07691899198107421,0.07677660882472992,0.04982761181850054,628378112,2.491062911502695e-15
scaling-n10000-b1000,fashion_mnist-small,cache_both,20,10000,1000,64,0.07149304612539709,0.07131861220113933,0.07972977836938104,628416512,2.5049406993105094e-15
scaling-n10000-b1000,fashion_mnist-small,threshold_bins,20,10000,1000,64,0.13923106202855706,0.07127758697606623,0.8281393609398805,697049088,2.5396351688300456e-15
scaling-n10000-b1000,fashion_mnist-small,quadrature_leaf,20,10000,1000,64,0.12251989590004086,0.12248576781712472,0.04404535457846209,628002304,2.6506574712925612e-15
scaling-n10000-b1000,fashion_mnist-small,quadrature_subtree,20,10000,1000,64,0.15791575494222343,0.1579027660191059,0.027289395111644615,628002304,5.662137425588298e-15
scaling-n10000-b1000,fashion_mnist-small,local_reduce,20,10000,1000,64,0.07984529598616064,0.07980252988636494,0.017876997242871312,628002304,5.2735593669694936e-15
scaling-n10000-b1000,fashion_mnist-small,lookup_reduce,20,10000,1000,64,0.03963078814558685,0.03951597516424954,0.020176233636784658,628002304,5.245803791353865e-15
scaling-n10000-b1000,fashion_mnist-small,lookup_cache_reduce,20,10000,1000,64,0.02908211899921298,0.028913734946399927,0.047095549277955895,628416512,5.259681579161679e-15
scaling-n10000-b1000,fashion_mnist-small,pattern_background,20,10000,1000,64,0.004223174182698131,0.0024060329888015985,0.10840309552400273,692502528,5.162537064506978e-15
scaling-n10000-b1000,fashion_mnist-small,pattern_foreground,20,10000,1000,64,0.01389134000055492,0.0023728120140731335,0.06371676359985275,706070528,5.35682609381638e-15
scaling-n10000-b1000,fashion_mnist-small,pattern_sparse,20,10000,1000,64,0.009079035837203264,0.002374284900724888,0.12305194360033679,706262528,5.162537064506978e-15
scaling-n10000-b1000,fashion_mnist-small,pattern_dense,20,10000,1000,64,0.0032054930925369263,0.0023687961511313915,0.10134428514496639,641051648,5.190292640122607e-15
scaling-n10000-b1000,fashion_mnist-small,pattern_adaptive,20,10000,1000,64,0.009548595873638988,0.002370458096265793,0.17669105525071005,659908608,5.190292640122607e-15
scaling-n10000-b1000,fashion_mnist-large,original,20,10000,1000,64,2.651214981917292,2.6541516869328916,0.11796349535911996,628000256,2.7269853042355408e-15
scaling-n10000-b1000,fashion_mnist-large,control,20,10000,1000,64,3.0399841209873557,3.0376159350853413,0.07708833792548893,628002816,3.131175874138137e-15
scaling-n10000-b1000,fashion_mnist-large,lookup_global,20,10000,1000,64,1.199282230110839,1.2004800408612937,0.15717492913723027,628002816,2.4667767828390197e-15
scaling-n10000-b1000,fashion_mnist-large,lookup_shared,20,10000,1000,64,1.1986762681044638,1.2000117970164865,0.10723820248654051,628002816,2.5691254679216513e-15
scaling-n10000-b1000,fashion_mnist-large,lookup_constant,20,10000,1000,64,1.2060120520181954,1.2060509989969432,0.2008175189959172,628002816,2.47198095326695e-15
scaling-n10000-b1000,fashion_mnist-large,incremental,20,10000,1000,64,3.1336072250269353,3.133727228967473,0.19763301724571933,628002816,3.1797481314654874e-15
scaling-n10000-b1000,fashion_mnist-large,cache_background,20,10000,1000,64,2.9574226890690625,2.9572712511289865,0.024540970416326503,630848000,2.2273849431542203e-15
scaling-n10000-b1000,fashion_mnist-large,cache_foreground,20,10000,1000,64,2.9521021749824286,2.951366276945919,0.13081592774606499,655832576,2.508410146262463e-15
scaling-n10000-b1000,fashion_mnist-large,cache_both,20,10000,1000,64,2.861990967998281,2.8597114249132574,0.17117995814971887,658677760,2.8085173076064507e-15
scaling-n10000-b1000,fashion_mnist-large,threshold_bins,20,10000,1000,64,2.943641947116703,2.8676515959668905,0.13785945737451966,697485824,2.6922908347160046e-15
scaling-n10000-b1000,fashion_mnist-large,quadrature_leaf,20,10000,1000,64,9.455135584110394,9.462091339053586,0.04124495872651593,628002816,6.142655828433874e-15
scaling-n10000-b1000,fashion_mnist-large,quadrature_subtree,20,10000,1000,64,4.71396700385958,4.713019334943965,0.0572328002347966,628002816,9.554856905680253e-15
scaling-n10000-b1000,fashion_mnist-large,local_reduce,20,10000,1000,64,2.644224643940106,2.6462629169691354,0.14682900712075414,628002816,9.593020822151743e-15
scaling-n10000-b1000,fashion_mnist-large,lookup_reduce,20,10000,1000,64,1.055965037085116,1.0619902149774134,0.036393639273701005,628002816,9.582612481295882e-15
scaling-n10000-b1000,fashion_mnist-large,lookup_cache_reduce,20,10000,1000,64,1.025159195996821,1.0295416498556733,0.3100872647436646,658677760,9.586081928247836e-15
scaling-n10000-b1000,fashion_mnist-large,pattern_background,20,10000,1000,64,1.0904352960642427,,0.125880401105794,888529920,9.534040223968532e-15
scaling-n10000-b1000,fashion_mnist-large,pattern_foreground,20,10000,1000,64,1.2322755448985845,,0.531567647584777,904978432,9.534040223968532e-15
scaling-n10000-b1000,fashion_mnist-large,pattern_sparse,20,10000,1000,64,0.6293063599150628,,0.3438617731438884,905490432,9.527101330064625e-15
scaling-n10000-b1000,fashion_mnist-large,pattern_dense,20,10000,1000,64,0.38490977184847,,0.043041362547347396,904551936,9.530570777016578e-15
scaling-n10000-b1000,fashion_mnist-large,pattern_adaptive,20,10000,1000,64,0.6377620068378747,,0.07216032518458643,922413568,9.527101330064625e-15
scaling-n10000-b1000,cal_housing-large,original,2,10000,1000,64,0.1279910239391029,0.12784604611806571,0.003673018802618275,720384,1.7381929229287607e-15
scaling-n10000-b1000,cal_housing-large,control,2,10000,1000,64,0.14096500491723418,0.14089038502424955,0.1567491431187882,722944,1.2212453270876722e-15
scaling-n10000-b1000,cal_housing-large,lookup_global,2,10000,1000,64,0.06611254485324025,0.0661606180947274,0.06426913577847541,722944,1.5681900222830336e-15
scaling-n10000-b1000,cal_housing-large,lookup_shared,2,10000,1000,64,0.0661809400189668,0.06616232101805508,0.09993876032206706,722944,2.040034807748725e-15
scaling-n10000-b1000,cal_housing-large,lookup_constant,2,10000,1000,64,0.06649006786756217,0.06651537516154349,0.08185393556332918,722944,1.6306400674181987e-15
scaling-n10000-b1000,cal_housing-large,incremental,2,10000,1000,64,0.17937871091999114,0.17946094693616033,0.14615553120591845,722944,1.6063539387545234e-15
scaling-n10000-b1000,cal_housing-large,cache_background,2,10000,1000,64,0.13306547398678958,0.13295073108747602,0.05616933933289514,1513984,1.4779844015322396e-15
scaling-n10000-b1000,cal_housing-large,cache_foreground,2,10000,1000,64,0.13325952808372676,0.1331094189081341,0.07407220425432215,8460800,1.5057399771478686e-15
scaling-n10000-b1000,cal_housing-large,cache_both,2,10000,1000,64,0.1255011879839003,0.12529355310834944,0.1446679356501314,9251840,1.6930901125533637e-15
scaling-n10000-b1000,cal_housing-large,threshold_bins,2,10000,1000,64,0.12594760302454233,0.1250874218530953,0.05992152573988315,1568768,1.5890067039947553e-15
scaling-n10000-b1000,cal_housing-large,quadrature_leaf,2,10000,1000,64,0.6046264129690826,0.6035028791520745,0.16467799438394598,722944,1.609823385706477e-15
scaling-n10000-b1000,cal_housing-large,quadrature_subtree,2,10000,1000,64,0.33286087587475777,0.33265580609440804,0.011192245260758469,722944,3.615163723935666e-15
scaling-n10000-b1000,cal_housing-large,local_reduce,2,10000,1000,64,0.13009738316759467,0.13014259189367294,0.046779662087641505,722944,3.615163723935666e-15
scaling-n10000-b1000,cal_housing-large,lookup_reduce,2,10000,1000,64,0.056405097944661975,0.056436565006151795,0.0699096970817818,722944,3.608224830031759e-15
scaling-n10000-b1000,cal_housing-large,lookup_cache_reduce,2,10000,1000,64,0.0479722679592669,0.04775517899543047,0.08989597459826924,9251840,3.635980405647388e-15
scaling-n10000-b1000,cal_housing-large,pattern_background,2,10000,1000,64,0.04794393409974873,,0.1838484255390612,331826688,3.559652572704408e-15
scaling-n10000-b1000,cal_housing-large,pattern_foreground,2,10000,1000,64,0.1885379299055785,,0.16752285671949463,352195584,3.6637359812630166e-15
scaling-n10000-b1000,cal_housing-large,pattern_sparse,2,10000,1000,64,0.10509872902184725,,0.0705543693839683,352707584,3.566591466608315e-15
scaling-n10000-b1000,cal_housing-large,pattern_dense,2,10000,1000,64,0.00919303996488452,0.001170770963653922,2.1428070527369734,265379840,3.524958103184872e-15
scaling-n10000-b1000,cal_housing-large,pattern_adaptive,2,10000,1000,64,0.10410807793959975,0.0011686678044497967,0.24792860015112672,281969152,3.5318969970887792e-15
scaling-n10000-b1000,adult-large,original,2,10000,1000,64,0.163856347091496,0.1638219861779362,0.15498812769567105,1200128,5.967448757360216e-16
scaling-n10000-b1000,adult-large,control,2,10000,1000,64,0.17580324807204306,0.17572066094726324,0.12601833952463076,1202688,7.494005416219807e-16
scaling-n10000-b1000,adult-large,lookup_global,2,10000,1000,64,0.08472023904323578,0.08479771693237126,0.043665037884519246,1202688,5.898059818321144e-16
scaling-n10000-b1000,adult-large,lookup_shared,2,10000,1000,64,0.08471801597625017,0.08476337511092424,0.051525038115096365,1202688,7.008282842946301e-16
scaling-n10000-b1000,adult-large,lookup_constant,2,10000,1000,64,0.08490324788726866,0.08493678690865636,0.05155920237604381,1202688,6.661338147750939e-16
scaling-n10000-b1000,adult-large,incremental,2,10000,1000,64,0.20888666715472937,0.20893348497338593,0.07967602790079362,1202688,8.81239525796218e-16
scaling-n10000-b1000,adult-large,cache_background,2,10000,1000,64,0.16394308907911181,0.16432500700466335,0.15480784077366333,1687040,7.494005416219807e-16
scaling-n10000-b1000,adult-large,cache_foreground,2,10000,1000,64,0.1641018318478018,0.16417191619984806,0.06024851190664724,5940736,5.342948306008566e-16
scaling-n10000-b1000,adult-large,cache_both,2,10000,1000,64,0.15238327998667955,0.15236964798532426,0.14846262110504888,6425088,7.216449660063518e-16
scaling-n10000-b1000,adult-large,threshold_bins,2,10000,1000,64,0.16518002399243414,0.16409331816248596,0.0305138382706406,2513408,5.620504062164855e-16
scaling-n10000-b1000,adult-large,quadrature_leaf,2,10000,1000,64,0.7026872539427131,0.7025383880827576,0.023335518311941233,1202688,1.4849232954361469e-15
scaling-n10000-b1000,adult-large,quadrature_subtree,2,10000,1000,64,0.31227651005610824,0.3121588029898703,0.08160008385722,1202688,6.2103100439969694e-15
scaling-n10000-b1000,adult-large,local_reduce,2,10000,1000,64,0.1620025960728526,0.1618009777739644,0.12698231194611037,1202688,5.981326545168031e-15
scaling-n10000-b1000,adult-large,lookup_reduce,2,10000,1000,64,0.07235258701257408,0.07246945309452713,0.07165819736670516,1202688,5.904998712225051e-15
scaling-n10000-b1000,adult-large,lookup_cache_reduce,2,10000,1000,64,0.05123784812167287,0.05111331888474524,0.0785073074579142,6425088,5.925815393936773e-15
scaling-n10000-b1000,adult-large,pattern_background,2,10000,1000,64,0.06506218505091965,,0.4281337312178939,264619520,6.321332346459485e-15
scaling-n10000-b1000,adult-large,pattern_foreground,2,10000,1000,64,0.16766386991366744,,0.21526679079987301,281228800,6.328271240363392e-15
scaling-n10000-b1000,adult-large,pattern_sparse,2,10000,1000,64,0.0793413519859314,,0.3708523349790108,281740800,6.321332346459485e-15
scaling-n10000-b1000,adult-large,pattern_dense,2,10000,1000,64,0.007823217893019319,0.001045802840963006,1.7090696133676224,244717568,6.376843497690743e-15
scaling-n10000-b1000,adult-large,pattern_adaptive,2,10000,1000,64,0.07204997888766229,0.0010477860923856497,0.1496236920980347,246870528,6.369904603786836e-15
tiles-256,fashion_mnist-small,pattern_background,20,1000,100,256,0.0009946150239557028,0.00021046912297606468,0.9509093015426332,69523968,9.08995101411847e-16
tiles-256,fashion_mnist-small,pattern_foreground,20,1000,100,256,0.0013556210324168205,0.00021202093921601772,0.47920410721278417,71290368,8.881784197001252e-16
tiles-256,fashion_mnist-small,pattern_sparse,20,1000,100,256,0.001238133991137147,0.00021225097589194775,0.8820184490718593,71412224,9.08995101411847e-16
tiles-256,fashion_mnist-small,pattern_dense,20,1000,100,256,0.0007952437736093998,0.00021139881573617458,1.220165205021964,64258560,9.020562075079397e-16
tiles-256,fashion_mnist-small,pattern_adaptive,20,1000,100,256,0.0014105450827628374,0.0002104579471051693,0.6863786336120344,69084672,9.020562075079397e-16
tiles-256,fashion_mnist-large,pattern_background,20,1000,100,256,0.046276747016236186,,0.4108707692362526,351899648,8.118505867571457e-16
tiles-256,fashion_mnist-large,pattern_foreground,20,1000,100,256,0.061804119031876326,,0.4344107019472982,368728064,8.014422459012849e-16
tiles-256,fashion_mnist-large,pattern_sparse,20,1000,100,256,0.05100188497453928,,0.07973706051173175,368932864,8.083811398051921e-16
tiles-256,fashion_mnist-large,pattern_dense,20,1000,100,256,0.3617826618719846,,0.006770408222218852,363739648,8.153200337090993e-16
tiles-256,fashion_mnist-large,pattern_adaptive,20,1000,100,256,0.07249241997487843,,0.05950238417343358,351036928,8.049116928532385e-16
tiles-256,cal_housing-large,pattern_background,2,1000,100,256,0.004555663093924522,,1.0094450564498618,259180032,6.175615574477433e-16
tiles-256,cal_housing-large,pattern_foreground,2,1000,100,256,0.008392016869038343,,0.3767275913679704,274344448,6.314393452555578e-16
tiles-256,cal_housing-large,pattern_sparse,2,1000,100,256,0.007406845921650529,,0.11481539171253913,274549248,6.245004513516506e-16
tiles-256,cal_housing-large,pattern_dense,2,1000,100,256,0.0029197370167821646,0.0001229061745107174,1.562378583564494,41849344,5.898059818321144e-16
tiles-256,cal_housing-large,pattern_adaptive,2,1000,100,256,0.008778992109000683,0.00012464914470911026,0.441618408340723,44334080,5.967448757360216e-16
tiles-256,adult-large,pattern_background,2,1000,100,256,0.00467710685916245,,0.5647014181057871,261050368,6.730727086790012e-16
tiles-256,adult-large,pattern_foreground,2,1000,100,256,0.00788324698805809,,0.27801193394739926,275994624,6.591949208711867e-16
tiles-256,adult-large,pattern_sparse,2,1000,100,256,0.0065740670543164015,,0.11271369191335273,276116480,6.730727086790012e-16
tiles-256,adult-large,pattern_dense,2,1000,100,256,0.003472604090347886,0.00012189499102532864,0.4273312978231844,107297280,6.938893903907228e-16
tiles-256,adult-large,pattern_adaptive,2,1000,100,256,0.008767024846747518,0.00011919112876057625,0.8744724618058558,124110848,6.938893903907228e-16
tiles-64,fashion_mnist-small,pattern_background,20,1000,100,64,0.0013386961072683334,0.0002180601004511118,8.915532662258242,69271040,8.81239525796218e-16
tiles-64,fashion_mnist-small,pattern_foreground,20,1000,100,64,0.0019546470139175653,0.00021946197375655174,0.5512037798296355,70627840,8.743006318923108e-16
tiles-64,fashion_mnist-small,pattern_sparse,20,1000,100,64,0.0016393701080232859,0.00021978304721415043,2.5908242504348755,70647296,8.881784197001252e-16
tiles-64,fashion_mnist-small,pattern_dense,20,1000,100,64,0.001040023984387517,0.00021743890829384327,0.4776090682744379,64159232,8.81239525796218e-16
tiles-64,fashion_mnist-small,pattern_adaptive,20,1000,100,64,0.0020913840271532536,0.00021731900051236153,0.39588852619992676,66021376,8.743006318923108e-16
tiles-64,fashion_mnist-large,pattern_background,20,1000,100,64,0.06490216706879437,,0.10613154074344833,323855360,6.661338147750939e-16
tiles-64,fashion_mnist-large,pattern_foreground,20,1000,100,64,0.11043327394872904,,0.13970619206281185,338533376,6.591949208711867e-16
tiles-64,fashion_mnist-large,pattern_sparse,20,1000,100,64,0.08904291200451553,,0.035396908075718866,338584576,6.626643678231403e-16
tiles-64,fashion_mnist-large,pattern_dense,20,1000,100,64,0.35272270697169006,,0.03416144415184408,337427456,6.730727086790012e-16
tiles-64,fashion_mnist-large,pattern_adaptive,20,1000,100,64,0.1301206920761615,,0.010371572477843134,333901312,6.626643678231403e-16
tiles-64,cal_housing-large,pattern_background,2,1000,100,64,0.009810212068259716,,4.731682953353804,258824192,6.175615574477433e-16
tiles-64,cal_housing-large,pattern_foreground,2,1000,100,64,0.021535854088142514,,0.36391609251551715,273374208,6.314393452555578e-16
tiles-64,cal_housing-large,pattern_sparse,2,1000,100,64,0.0174593860283494,,0.6847954445435463,273425408,6.245004513516506e-16
tiles-64,cal_housing-large,pattern_dense,2,1000,100,64,0.008175488794222474,0.00025773001834750175,0.3361771673232377,41783808,6.106226635438361e-16
tiles-64,cal_housing-large,pattern_adaptive,2,1000,100,64,0.0226079560816288,0.0002824980765581131,0.991449979323126,42531328,6.106226635438361e-16
tiles-64,adult-large,pattern_background,2,1000,100,64,0.008179394993931055,,0.27676467470123584,257438720,6.591949208711867e-16
tiles-64,adult-large,pattern_foreground,2,1000,100,64,0.017671295907348394,,0.3824279574673427,271909376,6.453171330633722e-16
tiles-64,adult-large,pattern_sparse,2,1000,100,64,0.013900680933147669,,0.1487543808853787,271960576,6.591949208711867e-16
tiles-64,adult-large,pattern_dense,2,1000,100,64,0.006709531880915165,0.00020013307221233845,2.778220142700831,107320320,6.730727086790012e-16
tiles-64,adult-large,pattern_adaptive,2,1000,100,64,0.019351528957486153,0.00021470501087605953,0.13820265958774394,145448448,6.800116025829084e-16
tiles-8,fashion_mnist-small,pattern_background,20,1000,100,8,0.004001835128292441,0.00028055510483682156,0.8609401744829605,69301760,9.43689570931383e-16
tiles-8,fashion_mnist-small,pattern_foreground,20,1000,100,8,0.006534697022289038,0.00028209714218974113,0.055705821620899015,70607360,8.743006318923108e-16
tiles-8,fashion_mnist-small,pattern_sparse,20,1000,100,8,0.004713502014055848,0.000281195854768157,0.14419903975374132,70614016,9.43689570931383e-16
tiles-8,fashion_mnist-small,pattern_dense,20,1000,100,8,0.0031553038861602545,0.0002806149423122406,0.16639848658485898,64200704,9.020562075079397e-16
tiles-8,fashion_mnist-small,pattern_adaptive,20,1000,100,8,0.007226162822917104,0.0002814759500324726,1.0945694768785483,64455168,9.020562075079397e-16
tiles-8,fashion_mnist-large,pattern_background,20,1000,100,8,0.28331116517074406,,0.4787814320172956,318468096,7.494005416219807e-16
tiles-8,fashion_mnist-large,pattern_foreground,20,1000,100,8,0.5754586840048432,,0.038560137336104756,332646912,7.494005416219807e-16
tiles-8,fashion_mnist-large,pattern_sparse,20,1000,100,8,0.44187636487185955,,0.2023554288948025,332653568,7.494005416219807e-16
tiles-8,fashion_mnist-large,pattern_dense,20,1000,100,8,0.46166592300869524,,0.6226745143135873,333557248,7.355227538141662e-16
tiles-8,fashion_mnist-large,pattern_adaptive,20,1000,100,8,0.6620814800262451,,0.6810422769284029,332432896,7.424616477180734e-16
tiles-8,cal_housing-large,pattern_background,2,1000,100,8,0.0658511018846184,,0.4575531171380217,255744000,6.661338147750939e-16
tiles-8,cal_housing-large,pattern_foreground,2,1000,100,8,0.12248296686448157,,0.024977326567507348,269922816,6.661338147750939e-16
tiles-8,cal_housing-large,pattern_sparse,2,1000,100,8,0.09036120609380305,,0.05855747563796099,269929472,6.661338147750939e-16
tiles-8,cal_housing-large,pattern_dense,2,1000,100,8,0.05973019194789231,0.001815627096220851,3.8311665238554973,42437632,6.453171330633722e-16
tiles-8,cal_housing-large,pattern_adaptive,2,1000,100,8,0.1379905710928142,0.0018270739819854498,0.1277143438322674,48183808,6.38378239159465e-16
tiles-8,adult-large,pattern_background,2,1000,100,8,0.04091194993816316,,0.269730161902999,255509504,6.591949208711867e-16
tiles-8,adult-large,pattern_foreground,2,1000,100,8,0.08651131205260754,,0.01604021736282026,269672960,6.38378239159465e-16
tiles-8,adult-large,pattern_sparse,2,1000,100,8,0.06630571000277996,,0.017695796216858187,269679616,6.591949208711867e-16
tiles-8,adult-large,pattern_dense,2,1000,100,8,0.04113078094087541,0.0011296388693153858,2.642610682850797,107738112,6.730727086790012e-16
tiles-8,adult-large,pattern_adaptive,2,1000,100,8,0.10073438100516796,0.0012566419318318367,0.1906903050325496,173591552,6.730727086790012e-16
